company,title,url,exp,edu,typ,loc,job_name
㈜인라이플,[주4.5일근무] 데이터 분석 및 기획자 채용,https://www.jobkorea.co.kr/Recruit/GI_Read/45711948?Oem_Code=C1&logpath=1&stext=%EB%8D%B0%EC%9D%B4%ED%84%B0%20%EB%B6%84%EC%84%9D&listno=1,경력2년↑,학력무관,정규직,서울,데이터 분석
패스트파이브㈜,데이터 분석 담당자,https://www.jobkorea.co.kr/Recruit/GI_Read/46017897?Oem_Code=C1&logpath=1&stext=%EB%8D%B0%EC%9D%B4%ED%84%B0%20%EB%B6%84%EC%84%9D&listno=2,경력5년↑,대졸↑,정규직,서울,데이터 분석
주식회사 빗썸,[빗썸] 비즈니스 데이터 분석,https://www.jobkorea.co.kr/Recruit/GI_Read/45906918?Oem_Code=C1&logpath=1&stext=%EB%8D%B0%EC%9D%B4%ED%84%B0%20%EB%B6%84%EC%84%9D&listno=3,경력7년↑,학력무관,정규직,서울,데이터 분석
㈜컬리,[컬리] 온사이트 프로모션 데이터 분석,https://www.jobkorea.co.kr/Recruit/GI_Read/46002356?Oem_Code=C1&logpath=1&stext=%EB%8D%B0%EC%9D%B4%ED%84%B0%20%EB%B6%84%EC%84%9D&listno=4,경력,대졸↑,정규직,서울,데이터 분석
"㈜숲(SOOP CO., LTD.)",[soop] 데이터 분석 및 지표 설계,https://www.jobkorea.co.kr/Recruit/GI_Read/46006567?Oem_Code=C1&logpath=1&stext=%EB%8D%B0%EC%9D%B4%ED%84%B0%20%EB%B6%84%EC%84%9D&listno=5,경력3년↑,학력무관,정규직,경기,데이터 분석
㈜테크랩스,마케팅 데이터 분석,https://www.jobkorea.co.kr/Recruit/GI_Read/45978816?Oem_Code=C1&logpath=1&stext=%EB%8D%B0%EC%9D%B4%ED%84%B0%20%EB%B6%84%EC%84%9D&listno=6,경력2년↑,대졸↑,정규직,서울,데이터 분석
콘센트릭스서비스코리아(유),ga/aa 데이터 분석,https://www.jobkorea.co.kr/Recruit/GI_Read/46028449?Oem_Code=C1&logpath=1&stext=%EB%8D%B0%EC%9D%B4%ED%84%B0%20%EB%B6%84%EC%84%9D&listno=7,경력1년↑,학력무관,정규직,서울,데이터 분석
㈜넥슨,[사업개발그룹] 데이터 분석 매니저,https://www.jobkorea.co.kr/Recruit/GI_Read/45711064?Oem_Code=C1&logpath=1&stext=%EB%8D%B0%EC%9D%B4%ED%84%B0%20%EB%B6%84%EC%84%9D&listno=8,경력3년↑,학력무관,정규직,경기,데이터 분석
주식회사 빗썸,[빗썸] 고객 데이터 분석 담당자,https://www.jobkorea.co.kr/Recruit/GI_Read/45799996?Oem_Code=C1&logpath=1&stext=%EB%8D%B0%EC%9D%B4%ED%84%B0%20%EB%B6%84%EC%84%9D&listno=9,경력3년↑,학력무관,정규직,서울,데이터 분석
트리플하이엠,[연구소] 온라인 마케팅 데이터 분석 및 설계 (경력),https://www.jobkorea.co.kr/Recruit/GI_Read/45990899?Oem_Code=C1&logpath=1&stext=%EB%8D%B0%EC%9D%B4%ED%84%B0%20%EB%B6%84%EC%84%9D&listno=10,경력2년↑,대졸↑,정규직,서울,데이터 분석
쿠팡 주식회사,[쿠팡] 데이터 분석 pm (taxonomy),https://www.jobkorea.co.kr/Recruit/GI_Read/45921791?Oem_Code=C1&logpath=1&stext=%EB%8D%B0%EC%9D%B4%ED%84%B0%20%EB%B6%84%EC%84%9D&listno=11,경력3년↑,대졸↑,정규직,서울,데이터 분석
㈜스마일게이트홀딩스,[스마일게이트 홀딩스] [재무] 데이터 분석 담당 (인턴),https://www.jobkorea.co.kr/Recruit/GI_Read/46016179?Oem_Code=C1&logpath=1&stext=%EB%8D%B0%EC%9D%B4%ED%84%B0%20%EB%B6%84%EC%84%9D&listno=12,신입,학력무관,인턴,경기,데이터 분석
㈜와이비에스,도시/교통분야 빅데이터 분석 및 ai 알고리즘/모델 구현 경력직 모집,https://www.jobkorea.co.kr/Recruit/GI_Read/46048705?Oem_Code=C1&logpath=1&stext=%EB%8D%B0%EC%9D%B4%ED%84%B0%20%EB%B6%84%EC%84%9D&listno=13,경력,대졸↑,정규직 외,서울,데이터 분석
㈜썸에이지,[썸에이지] 데이터 분석 담당자 모집,https://www.jobkorea.co.kr/Recruit/GI_Read/46036642?Oem_Code=C1&logpath=1&stext=%EB%8D%B0%EC%9D%B4%ED%84%B0%20%EB%B6%84%EC%84%9D&listno=14,경력1년↑,학력무관,정규직,경기,데이터 분석
씨앤토트㈜,데이터 분석 및 시각화 (경력),https://www.jobkorea.co.kr/Recruit/GI_Read/46025939?Oem_Code=C1&logpath=1&stext=%EB%8D%B0%EC%9D%B4%ED%84%B0%20%EB%B6%84%EC%84%9D&listno=15,경력3년↑,고졸↑,정규직,서울,데이터 분석
주식회사 빗썸,[빗썸] 데이터 분석 (인턴),https://www.jobkorea.co.kr/Recruit/GI_Read/45974468?Oem_Code=C1&logpath=1&stext=%EB%8D%B0%EC%9D%B4%ED%84%B0%20%EB%B6%84%EC%84%9D&listno=16,경력무관,대졸↑,인턴,서울,데이터 분석
㈜아티언스,[글로벌 대기업 마케팅] 데이터 분석 담당 (경력),https://www.jobkorea.co.kr/Recruit/GI_Read/46044239?Oem_Code=C1&logpath=1&stext=%EB%8D%B0%EC%9D%B4%ED%84%B0%20%EB%B6%84%EC%84%9D&listno=17,경력5년↑,대졸↑,정규직,서울,데이터 분석
인튜브,빅데이터 분석 및 알고리즘 모델링 리더 모집,https://www.jobkorea.co.kr/Recruit/GI_Read/45686897?Oem_Code=C1&logpath=1&stext=%EB%8D%B0%EC%9D%B4%ED%84%B0%20%EB%B6%84%EC%84%9D&listno=18,경력5년↑,학력무관,정규직,서울,데이터 분석
㈜토마토시스템,[(주)토마토시스템] ai데이터 분석 부문 채용(신입/경력),https://www.jobkorea.co.kr/Recruit/GI_Read/45999830?Oem_Code=C1&logpath=1&stext=%EB%8D%B0%EC%9D%B4%ED%84%B0%20%EB%B6%84%EC%84%9D&listno=19,신입·경력3년↑,대졸↑,정규직,서울,데이터 분석
이노뎁㈜,"si 프로젝트 데이터 분석,설계 경력 채용 (계약직)",https://www.jobkorea.co.kr/Recruit/GI_Read/46015025?Oem_Code=C1&logpath=1&stext=%EB%8D%B0%EC%9D%B4%ED%84%B0%20%EB%B6%84%EC%84%9D&listno=20,경력5년↑,대졸↑,계약직,서울,데이터 분석
㈜뉴엔에이아이,[신입 / 경력] 소셜 빅데이터 분석 컨설턴트(데이터 사이언티스트) 채용,https://www.jobkorea.co.kr/Recruit/GI_Read/46001387?Oem_Code=C1&logpath=1&stext=%EB%8D%B0%EC%9D%B4%ED%84%B0%20%EB%B6%84%EC%84%9D&listno=21,신입·경력3년↑,초대졸↑,정규직 외,경기,데이터 분석
㈜포이시스,[본사] dashboard 구현을 위한 tableau 시각화 & 데이터 분석 경력직 채용,https://www.jobkorea.co.kr/Recruit/GI_Read/46021881?Oem_Code=C1&logpath=1&stext=%EB%8D%B0%EC%9D%B4%ED%84%B0%20%EB%B6%84%EC%84%9D&listno=23,경력무관,대졸↑,정규직,서울,데이터 분석
메디치이앤에스㈜,[빅데이터] 파이썬 데이터 분석 강사 채용,https://www.jobkorea.co.kr/Recruit/GI_Read/45872408?Oem_Code=C1&logpath=1&stext=%EB%8D%B0%EC%9D%B4%ED%84%B0%20%EB%B6%84%EC%84%9D&listno=28,경력,대졸↑,계약직 외,서울,데이터 분석
빔모빌리티코리아㈜,[빔모빌리티코리아] 전략/데이터 분석 운영담당,https://www.jobkorea.co.kr/Recruit/GI_Read/45976524?Oem_Code=C1&logpath=1&stext=%EB%8D%B0%EC%9D%B4%ED%84%B0%20%EB%B6%84%EC%84%9D&listno=29,경력2년↑,대졸↑,정규직,서울,데이터 분석
㈜테크랩스,[테크랩스]마케팅 데이터 분석 (브랜드엑셀러레이팅사업부),https://www.jobkorea.co.kr/Recruit/GI_Read/45937046?Oem_Code=C1&logpath=1&stext=%EB%8D%B0%EC%9D%B4%ED%84%B0%20%EB%B6%84%EC%84%9D&listno=30,경력2년↑,대졸↑,정규직,서울,데이터 분석
㈜모비릭스,[모비릭스] 게임data팀 데이터 분석 경력직 모집,https://www.jobkorea.co.kr/Recruit/GI_Read/46005707?Oem_Code=C1&logpath=1&stext=%EB%8D%B0%EC%9D%B4%ED%84%B0%20%EB%B6%84%EC%84%9D&listno=31,경력1년↑,학력무관,정규직 외,서울,데이터 분석
메디에이지,[헬스케어] 보건의료통계 및 데이터 분석 전문가 모집,https://www.jobkorea.co.kr/Recruit/GI_Read/45921749?Oem_Code=C1&logpath=1&stext=%EB%8D%B0%EC%9D%B4%ED%84%B0%20%EB%B6%84%EC%84%9D&listno=32,경력3년↑,대졸↑,정규직 외,경기,데이터 분석
인튜브,빅데이터 분석 및 알고리즘 모델링 사원(신입/경력) 모집,https://www.jobkorea.co.kr/Recruit/GI_Read/45687100?Oem_Code=C1&logpath=1&stext=%EB%8D%B0%EC%9D%B4%ED%84%B0%20%EB%B6%84%EC%84%9D&listno=33,신입·경력,학력무관,정규직,서울,데이터 분석
㈜네피리티,[서울] 데이터 분석 및 ai모델 개발 정규직/계약직 모집,https://www.jobkorea.co.kr/Recruit/GI_Read/45911857?Oem_Code=C1&logpath=1&stext=%EB%8D%B0%EC%9D%B4%ED%84%B0%20%EB%B6%84%EC%84%9D&listno=34,신입·경력3년↑,학력무관,정규직 외,서울,데이터 분석
안진회계법인,[딜로이트 안진회계법인] 경영자문부문 금융기관 데이터 분석 전문가,https://www.jobkorea.co.kr/Recruit/GI_Read/45922645?Oem_Code=C1&logpath=1&stext=%EB%8D%B0%EC%9D%B4%ED%84%B0%20%EB%B6%84%EC%84%9D&listno=35,경력5년↑,대졸↑,정규직,서울,데이터 분석
㈜일루넥스,"2024년 경력 인공지능, 빅데이터 분석 채용",https://www.jobkorea.co.kr/Recruit/GI_Read/45894712?Oem_Code=C1&logpath=1&stext=%EB%8D%B0%EC%9D%B4%ED%84%B0%20%EB%B6%84%EC%84%9D&listno=36,경력무관,대졸↑,정규직,경기,데이터 분석
메디치이앤에스㈜,"[빅데이터] 파이썬 데이터 분석 , 컴퓨터 비전 , ai 강사님 채용합니다",https://www.jobkorea.co.kr/Recruit/GI_Read/45824382?Oem_Code=C1&logpath=1&stext=%EB%8D%B0%EC%9D%B4%ED%84%B0%20%EB%B6%84%EC%84%9D&listno=37,경력,대졸↑,계약직 외,서울,데이터 분석
주식회사 맨파워코리아,[광화문역] 글로벌 it기업 map 데이터 분석 및 업데이트 채용 (재택 병행),https://www.jobkorea.co.kr/Recruit/GI_Read/46009580?Oem_Code=C1&logpath=1&stext=%EB%8D%B0%EC%9D%B4%ED%84%B0%20%EB%B6%84%EC%84%9D&listno=38,경력무관,초대졸↑,계약직 외,서울,데이터 분석
마크클라우드,"ai 개발(python), 데이터 분석 및 사업 기획 신규/경력 모집 - 정규직",https://www.jobkorea.co.kr/Recruit/GI_Read/45968108?Oem_Code=C1&logpath=1&stext=%EB%8D%B0%EC%9D%B4%ED%84%B0%20%EB%B6%84%EC%84%9D&listno=39,신입·경력,대졸↑,정규직,서울,데이터 분석
한국타이어앤테크놀로지,[상시채용] r&d - 데이터 수집 및 분석,https://www.jobkorea.co.kr/Recruit/GI_Read/45919412?Oem_Code=C1&logpath=1&stext=%EB%8D%B0%EC%9D%B4%ED%84%B0%20%EB%B6%84%EC%84%9D&listno=40,신입·경력,석사↑,정규직,대전,데이터 분석
㈜에이브랩스,데이터 분석 (data scientist) 채용,https://www.jobkorea.co.kr/Recruit/GI_Read/46057474?Oem_Code=C1&logpath=1&stext=%EB%8D%B0%EC%9D%B4%ED%84%B0%20%EB%B6%84%EC%84%9D&listno=41,신입·경력,학력무관,정규직 외,서울,데이터 분석
㈜파오스파트너스,"(주)파오스파트너스 공채 채용-btl마케팅 운영 및 실행 업무, db 분석, db마케팅",https://www.jobkorea.co.kr/Recruit/GI_Read/45887961?Oem_Code=C1&logpath=1&stext=%EB%8D%B0%EC%9D%B4%ED%84%B0%20%EB%B6%84%EC%84%9D&listno=44,신입·경력,초대졸↑,정규직,서울,데이터 분석
CJ 4DPLEX,[cj그룹 계열사] cj 4dplex 콘텐츠사업팀 데이터 분석 및 콘텐츠 실적 관리 경력직 채용,https://www.jobkorea.co.kr/Recruit/GI_Read/45974220?Oem_Code=C1&logpath=1&stext=%EB%8D%B0%EC%9D%B4%ED%84%B0%20%EB%B6%84%EC%84%9D&listno=45,경력3년↑,학력무관,정규직,서울,데이터 분석
㈜에스티유니타스,[st unitas] 공무원 상품기획 & 데이터 분석 포지션 팀원급 인재채용,https://www.jobkorea.co.kr/Recruit/GI_Read/45713996?Oem_Code=C1&logpath=1&stext=%EB%8D%B0%EC%9D%B4%ED%84%B0%20%EB%B6%84%EC%84%9D&listno=46,신입,대졸↑,정규직,서울,데이터 분석
㈜해양정보기술,해양빅데이터 분석 및 해양수치모델링 부문 정규직 채용,https://www.jobkorea.co.kr/Recruit/GI_Read/45913695?Oem_Code=C1&logpath=1&stext=%EB%8D%B0%EC%9D%B4%ED%84%B0%20%EB%B6%84%EC%84%9D&listno=47,경력무관,대졸↑,정규직,서울,데이터 분석
㈜파오스파트너스,"시장 분석(리서치) 전문가 - 시장 분석, 기업 분석, 데이터 시각화, 보고서 작성",https://www.jobkorea.co.kr/Recruit/GI_Read/45988390?Oem_Code=C1&logpath=1&stext=%EB%8D%B0%EC%9D%B4%ED%84%B0%20%EB%B6%84%EC%84%9D&listno=48,경력,대졸↑,정규직,서울,데이터 분석
씽킹데이터코리아㈜(THINK,thinkingdata 글로벌 게임 데이터 분석 솔루션 - 애널리스트 채용,https://www.jobkorea.co.kr/Recruit/GI_Read/46006047?Oem_Code=C1&logpath=1&stext=%EB%8D%B0%EC%9D%B4%ED%84%B0%20%EB%B6%84%EC%84%9D&listno=49,경력3년↑,대졸↑,정규직 외,서울,데이터 분석
씨앤토트㈜,"빅데이터 분석 시스템 모델러, 데이터 아키텍트 (da) 모집 (경력)",https://www.jobkorea.co.kr/Recruit/GI_Read/46003102?Oem_Code=C1&logpath=1&stext=%EB%8D%B0%EC%9D%B4%ED%84%B0%20%EB%B6%84%EC%84%9D&listno=56,경력5년↑,고졸↑,정규직,서울,데이터 분석
현대엘리베이터,데이터 엔지니어 경력 채용,https://www.jobkorea.co.kr/Recruit/GI_Read/46043051?Oem_Code=C1&logpath=1&stext=%EB%8D%B0%EC%9D%B4%ED%84%B0%20%EC%97%94%EC%A7%80%EB%8B%88%EC%96%B4&listno=2,경력,대졸↑,정규직,서울,데이터 엔지니어
㈜이노케어플러스,데이터 엔지니어,https://www.jobkorea.co.kr/Recruit/GI_Read/46046957?Oem_Code=C1&logpath=1&stext=%EB%8D%B0%EC%9D%B4%ED%84%B0%20%EC%97%94%EC%A7%80%EB%8B%88%EC%96%B4&listno=3,경력3년↑,학력무관,정규직,서울,데이터 엔지니어
㈜이스트에이드,데이터 엔지니어 시니어,https://www.jobkorea.co.kr/Recruit/GI_Read/45887357?Oem_Code=C1&logpath=1&stext=%EB%8D%B0%EC%9D%B4%ED%84%B0%20%EC%97%94%EC%A7%80%EB%8B%88%EC%96%B4&listno=4,경력4년↑,학력무관,정규직,서울,데이터 엔지니어
㈜넥슨,[기술본부] 데이터최적화팀 데이터 엔지니어,https://www.jobkorea.co.kr/Recruit/GI_Read/45689858?Oem_Code=C1&logpath=1&stext=%EB%8D%B0%EC%9D%B4%ED%84%B0%20%EC%97%94%EC%A7%80%EB%8B%88%EC%96%B4&listno=5,경력3년↑,학력무관,정규직,경기,데이터 엔지니어
㈜미리디,[미리디] 데이터 엔지니어,https://www.jobkorea.co.kr/Recruit/GI_Read/45849657?Oem_Code=C1&logpath=1&stext=%EB%8D%B0%EC%9D%B4%ED%84%B0%20%EC%97%94%EC%A7%80%EB%8B%88%EC%96%B4&listno=6,경력5년↑,학력무관,정규직,서울,데이터 엔지니어
Upstage,llm 시니어 데이터 엔지니어,https://www.jobkorea.co.kr/Recruit/GI_Read/45901824?Oem_Code=C1&logpath=1&stext=%EB%8D%B0%EC%9D%B4%ED%84%B0%20%EC%97%94%EC%A7%80%EB%8B%88%EC%96%B4&listno=7,경력무관,학력무관,정규직,경기,데이터 엔지니어
㈜기어세컨드,데이터 엔지니어(de) 채용,https://www.jobkorea.co.kr/Recruit/GI_Read/46009474?Oem_Code=C1&logpath=1&stext=%EB%8D%B0%EC%9D%B4%ED%84%B0%20%EC%97%94%EC%A7%80%EB%8B%88%EC%96%B4&listno=9,경력3년↑,학력무관,정규직,서울,데이터 엔지니어
㈜코세틱,[cosetic] 데이터 엔지니어 채용,https://www.jobkorea.co.kr/Recruit/GI_Read/45790860?Oem_Code=C1&logpath=1&stext=%EB%8D%B0%EC%9D%B4%ED%84%B0%20%EC%97%94%EC%A7%80%EB%8B%88%EC%96%B4&listno=10,경력무관,초대졸↑,정규직,서울,데이터 엔지니어
㈜카카오페이,데이터 엔지니어 - 데이터플랫폼팀,https://www.jobkorea.co.kr/Recruit/GI_Read/46016288?Oem_Code=C1&logpath=1&stext=%EB%8D%B0%EC%9D%B4%ED%84%B0%20%EC%97%94%EC%A7%80%EB%8B%88%EC%96%B4&listno=11,경력5년↑,학력무관,정규직,경기,데이터 엔지니어
로이드케이,빅데이터 솔루션 데이터 엔지니어(경력) 채용,https://www.jobkorea.co.kr/Recruit/GI_Read/45944194?Oem_Code=C1&logpath=1&stext=%EB%8D%B0%EC%9D%B4%ED%84%B0%20%EC%97%94%EC%A7%80%EB%8B%88%EC%96%B4&listno=13,경력5년↑,대졸↑,정규직,경기,데이터 엔지니어
㈜카카오페이,[계약직] 데이터 엔지니어 - 분석 mart / bi 담당자,https://www.jobkorea.co.kr/Recruit/GI_Read/46016291?Oem_Code=C1&logpath=1&stext=%EB%8D%B0%EC%9D%B4%ED%84%B0%20%EC%97%94%EC%A7%80%EB%8B%88%EC%96%B4&listno=14,경력4년↑,학력무관,정규직 외,경기,데이터 엔지니어
㈜커넥트웨이브,[커넥트웨이브] 메이크샵 데이터 엔지니어 채용(경력),https://www.jobkorea.co.kr/Recruit/GI_Read/45844834?Oem_Code=C1&logpath=1&stext=%EB%8D%B0%EC%9D%B4%ED%84%B0%20%EC%97%94%EC%A7%80%EB%8B%88%EC%96%B4&listno=15,경력3년↑,학력무관,정규직,서울,데이터 엔지니어
㈜카카오페이,데이터 엔지니어 - dw / bi 시스템 개발 시스템 개발,https://www.jobkorea.co.kr/Recruit/GI_Read/46016284?Oem_Code=C1&logpath=1&stext=%EB%8D%B0%EC%9D%B4%ED%84%B0%20%EC%97%94%EC%A7%80%EB%8B%88%EC%96%B4&listno=16,경력5년↑,학력무관,정규직,경기,데이터 엔지니어
콘센트릭스서비스코리아(유),데이터플랫폼엔지니어,https://www.jobkorea.co.kr/Recruit/GI_Read/46028427?Oem_Code=C1&logpath=1&stext=%EB%8D%B0%EC%9D%B4%ED%84%B0%20%EC%97%94%EC%A7%80%EB%8B%88%EC%96%B4&listno=17,경력1년↑,학력무관,정규직,서울,데이터 엔지니어
㈜와탭랩스,db 엔지니어,https://www.jobkorea.co.kr/Recruit/GI_Read/45949176?Oem_Code=C1&logpath=1&stext=%EB%8D%B0%EC%9D%B4%ED%84%B0%20%EC%97%94%EC%A7%80%EB%8B%88%EC%96%B4&listno=18,경력5년↑,학력무관,정규직,서울,데이터 엔지니어
㈜데이타뱅크,(대구)db 엔지니어 모집,https://www.jobkorea.co.kr/Recruit/GI_Read/46042778?Oem_Code=C1&logpath=1&stext=%EB%8D%B0%EC%9D%B4%ED%84%B0%20%EC%97%94%EC%A7%80%EB%8B%88%EC%96%B4&listno=21,경력무관,초대졸↑,정규직 외,대구,데이터 엔지니어
㈜위즈베이스,oracle db 엔지니어,https://www.jobkorea.co.kr/Recruit/GI_Read/45745188?Oem_Code=C1&logpath=1&stext=%EB%8D%B0%EC%9D%B4%ED%84%B0%20%EC%97%94%EC%A7%80%EB%8B%88%EC%96%B4&listno=22,경력6년↑,초대졸↑,정규직 외,서울,데이터 엔지니어
에이플랫폼,[신입/경력] database engineer - r&d center,https://www.jobkorea.co.kr/Recruit/GI_Read/46030703?Oem_Code=C1&logpath=1&stext=%EB%8D%B0%EC%9D%B4%ED%84%B0%20%EC%97%94%EC%A7%80%EB%8B%88%EC%96%B4&listno=23,신입·경력3년↑,초대졸↑,정규직,서울,데이터 엔지니어
㈜에즈웰플러스,[경력] dba / oracle db 엔지니어 채용,https://www.jobkorea.co.kr/Recruit/GI_Read/45916157?Oem_Code=C1&logpath=1&stext=%EB%8D%B0%EC%9D%B4%ED%84%B0%20%EC%97%94%EC%A7%80%EB%8B%88%EC%96%B4&listno=24,경력3년↑,대졸↑,정규직 외,서울,데이터 엔지니어
에이플랫폼,[신입/경력] database engineer - customer support service,https://www.jobkorea.co.kr/Recruit/GI_Read/46030714?Oem_Code=C1&logpath=1&stext=%EB%8D%B0%EC%9D%B4%ED%84%B0%20%EC%97%94%EC%A7%80%EB%8B%88%EC%96%B4&listno=25,신입·경력3년↑,초대졸↑,정규직,서울,데이터 엔지니어
에이플랫폼,[신입/경력] database engineer - technical solution center,https://www.jobkorea.co.kr/Recruit/GI_Read/46030694?Oem_Code=C1&logpath=1&stext=%EB%8D%B0%EC%9D%B4%ED%84%B0%20%EC%97%94%EC%A7%80%EB%8B%88%EC%96%B4&listno=26,신입·경력3년↑,초대졸↑,정규직,서울,데이터 엔지니어
㈜싸이웰시스템,[싸이웰시스템] db 엔지니어 (신입/경력) 정규직 채용 (3200 이상),https://www.jobkorea.co.kr/Recruit/GI_Read/45978880?Oem_Code=C1&logpath=1&stext=%EB%8D%B0%EC%9D%B4%ED%84%B0%20%EC%97%94%EC%A7%80%EB%8B%88%EC%96%B4&listno=28,신입·경력,학력무관,정규직,서울,데이터 엔지니어
모비젠,(주) 모비젠 데이터 엔지니어 경력직 모집,https://www.jobkorea.co.kr/Recruit/GI_Read/46059155?Oem_Code=C1&logpath=1&stext=%EB%8D%B0%EC%9D%B4%ED%84%B0%20%EC%97%94%EC%A7%80%EB%8B%88%EC%96%B4&listno=29,경력5년↑,대졸↑,정규직,경기,데이터 엔지니어
라온피플㈜,infrastructure팀 데이터엔지니어 모집,https://www.jobkorea.co.kr/Recruit/GI_Read/46020510?Oem_Code=C1&logpath=1&stext=%EB%8D%B0%EC%9D%B4%ED%84%B0%20%EC%97%94%EC%A7%80%EB%8B%88%EC%96%B4&listno=30,경력5년↑,학력무관,정규직,경기,데이터 엔지니어
마이데이터,airflow 경험 데이터엔지니어 구인합니다.,https://www.jobkorea.co.kr/Recruit/GI_Read/45906290?Oem_Code=C1&logpath=1&stext=%EB%8D%B0%EC%9D%B4%ED%84%B0%20%EC%97%94%EC%A7%80%EB%8B%88%EC%96%B4&listno=31,경력3년↑,학력무관,정규직 외,서울,데이터 엔지니어
콘센트릭스서비스코리아(유),데이터엔지니어,https://www.jobkorea.co.kr/Recruit/GI_Read/45966661?Oem_Code=C1&logpath=1&stext=%EB%8D%B0%EC%9D%B4%ED%84%B0%20%EC%97%94%EC%A7%80%EB%8B%88%EC%96%B4&listno=32,경력6년↑,학력무관,정규직,서울,데이터 엔지니어
㈜오픈메이트,"[오픈메이트] 데이터엔지니어, 데이터모델러, dw, etl 직무 인재 모집(정규)",https://www.jobkorea.co.kr/Recruit/GI_Read/45985674?Oem_Code=C1&logpath=1&stext=%EB%8D%B0%EC%9D%B4%ED%84%B0%20%EC%97%94%EC%A7%80%EB%8B%88%EC%96%B4&listno=34,경력2년↑,학력무관,정규직,서울,데이터 엔지니어
㈜위즈베이스,oracle/tibero db 엔지니어 경력사원 모십니다.,https://www.jobkorea.co.kr/Recruit/GI_Read/45713099?Oem_Code=C1&logpath=1&stext=%EB%8D%B0%EC%9D%B4%ED%84%B0%20%EC%97%94%EC%A7%80%EB%8B%88%EC%96%B4&listno=36,경력6년↑,초대졸↑,정규직 외,서울,데이터 엔지니어
㈜두들린,[그리팅] data engineer - 3년 이상,https://www.jobkorea.co.kr/Recruit/GI_Read/45861939?Oem_Code=C1&logpath=1&stext=%EB%8D%B0%EC%9D%B4%ED%84%B0%20%EC%97%94%EC%A7%80%EB%8B%88%EC%96%B4&listno=52,경력3년↑,학력무관,정규직,서울,데이터 엔지니어
데이터마케팅코리아,(주)데이터마케팅코리아 데이터 엔지니어링 직무 채용,https://www.jobkorea.co.kr/Recruit/GI_Read/45902675?Oem_Code=C1&logpath=1&stext=%EB%8D%B0%EC%9D%B4%ED%84%B0%20%EC%97%94%EC%A7%80%EB%8B%88%EC%96%B4&listno=56,경력3년↑,초대졸↑,정규직,서울,데이터 엔지니어
㈜유클릭,(주)유클릭 oracle db 경력 엔지니어 모집,https://www.jobkorea.co.kr/Recruit/GI_Read/45752115?Oem_Code=C1&logpath=1&stext=%EB%8D%B0%EC%9D%B4%ED%84%B0%20%EC%97%94%EC%A7%80%EB%8B%88%EC%96%B4&listno=57,경력5년↑,초대졸↑,정규직,경기,데이터 엔지니어
㈜트릿지,[tridge] data engineer (산업기능요원),https://www.jobkorea.co.kr/Recruit/GI_Read/46030500?Oem_Code=C1&logpath=1&stext=%EB%8D%B0%EC%9D%B4%ED%84%B0%20%EC%97%94%EC%A7%80%EB%8B%88%EC%96%B4&listno=60,경력무관,학력무관,계약직,서울,데이터 엔지니어
㈜옵트에이아이,임베디드 ai 개발자 (c++),https://www.jobkorea.co.kr/Recruit/GI_Read/45966844?Oem_Code=C1&logpath=1&stext=AI%20%EA%B0%9C%EB%B0%9C%EC%9E%90&listno=2,경력,석사↑,정규직,서울,AI 개발자
㈜옵트에이아이,비전 ai 어플리케이션 엔지니어,https://www.jobkorea.co.kr/Recruit/GI_Read/45966928?Oem_Code=C1&logpath=1&stext=AI%20%EA%B0%9C%EB%B0%9C%EC%9E%90&listno=3,경력,석사↑,정규직,서울,AI 개발자
㈜더존비즈온,[ai 개발] 더존비즈온 ai 개발자 채용,https://www.jobkorea.co.kr/Recruit/GI_Read/45993087?Oem_Code=C1&logpath=1&stext=AI%20%EA%B0%9C%EB%B0%9C%EC%9E%90&listno=5,경력1년↑,학력무관,정규직,강원,AI 개발자
주식회사 솔트룩스,인공지능(ai) 솔트룩스 - nlp research engineer 경력,https://www.jobkorea.co.kr/Recruit/GI_Read/45862140?Oem_Code=C1&logpath=1&stext=AI%20%EA%B0%9C%EB%B0%9C%EC%9E%90&listno=6,경력2년↑,석사↑,정규직,서울,AI 개발자
㈜에이아이포블록체인(AI4 Blo,(경력) 인공지능 개발자 채용,https://www.jobkorea.co.kr/Recruit/GI_Read/45994009?Oem_Code=C1&logpath=1&stext=AI%20%EA%B0%9C%EB%B0%9C%EC%9E%90&listno=7,경력1년↑,석사↑,정규직,경기,AI 개발자
㈜아이스크림아트,ai연구소 ai기반 연구팀장,https://www.jobkorea.co.kr/Recruit/GI_Read/46036137?Oem_Code=C1&logpath=1&stext=AI%20%EA%B0%9C%EB%B0%9C%EC%9E%90&listno=8,경력7년↑,대졸↑,정규직,서울,AI 개발자
주식회사 솔트룩스,인공지능(ai) 솔트룩스 - nlp research engineer 신입,https://www.jobkorea.co.kr/Recruit/GI_Read/45846865?Oem_Code=C1&logpath=1&stext=AI%20%EA%B0%9C%EB%B0%9C%EC%9E%90&listno=9,신입,대졸↑,정규직,서울,AI 개발자
㈜웅진,[경력] ai개발자,https://www.jobkorea.co.kr/Recruit/GI_Read/46011182?Oem_Code=C1&logpath=1&stext=AI%20%EA%B0%9C%EB%B0%9C%EC%9E%90&listno=10,경력3년↑,학력무관,정규직,서울,AI 개발자
퀘이자㈜,ai기반 감정서비스 개발자 모집,https://www.jobkorea.co.kr/Recruit/GI_Read/45870888?Oem_Code=C1&logpath=1&stext=AI%20%EA%B0%9C%EB%B0%9C%EC%9E%90&listno=11,경력,대졸↑,정규직,인천,AI 개발자
㈜크래프톤,[ai] ai engineer - nlp/chatbot (3년 이상),https://www.jobkorea.co.kr/Recruit/GI_Read/45826591?Oem_Code=C1&logpath=1&stext=AI%20%EA%B0%9C%EB%B0%9C%EC%9E%90&listno=12,경력,석사↑,정규직,서울,AI 개발자
㈜미피아(Mippia Inc.,음원 유사도 분석 ai 엔지니어 모집,https://www.jobkorea.co.kr/Recruit/GI_Read/45889185?Oem_Code=C1&logpath=1&stext=AI%20%EA%B0%9C%EB%B0%9C%EC%9E%90&listno=13,신입,석사↑,정규직,서울,AI 개발자
㈜옵트에이아이,[병역특례]임베디드 ai 개발자 (c++),https://www.jobkorea.co.kr/Recruit/GI_Read/45965544?Oem_Code=C1&logpath=1&stext=AI%20%EA%B0%9C%EB%B0%9C%EC%9E%90&listno=14,경력1년↑,석사↑,정규직,서울,AI 개발자
㈜옵트에이아이,[병역특례]비전 ai 어플리케이션 엔지니어,https://www.jobkorea.co.kr/Recruit/GI_Read/45965497?Oem_Code=C1&logpath=1&stext=AI%20%EA%B0%9C%EB%B0%9C%EC%9E%90&listno=17,경력1년↑,석사↑,정규직,서울,AI 개발자
㈜포니링크,(주)포니링크 ai개발자 경력직 채용,https://www.jobkorea.co.kr/Recruit/GI_Read/45953125?Oem_Code=C1&logpath=1&stext=AI%20%EA%B0%9C%EB%B0%9C%EC%9E%90&listno=18,경력5년↑,초대졸↑,정규직,서울,AI 개발자
㈜이오테크닉스,(주)이오테크닉스 ai개발자 모집,https://www.jobkorea.co.kr/Recruit/GI_Read/45952853?Oem_Code=C1&logpath=1&stext=AI%20%EA%B0%9C%EB%B0%9C%EC%9E%90&listno=20,경력,대졸↑,정규직,경기,AI 개발자
오투오,(주)에이아이오투오 ai 개발자 채용,https://www.jobkorea.co.kr/Recruit/GI_Read/46013600?Oem_Code=C1&logpath=1&stext=AI%20%EA%B0%9C%EB%B0%9C%EC%9E%90&listno=21,경력무관,대졸↑,정규직,경기,AI 개발자
그로들,ai llm 개발자,https://www.jobkorea.co.kr/Recruit/GI_Read/46035561?Oem_Code=C1&logpath=1&stext=AI%20%EA%B0%9C%EB%B0%9C%EC%9E%90&listno=22,경력6년↑,대졸↑,정규직,서울,AI 개발자
"㈜숲(SOOP CO., LTD.)",[soop] ai 엔지니어 리더,https://www.jobkorea.co.kr/Recruit/GI_Read/45965928?Oem_Code=C1&logpath=1&stext=AI%20%EA%B0%9C%EB%B0%9C%EC%9E%90&listno=23,경력6년↑,학력무관,정규직,경기,AI 개발자
한국딥러닝㈜,ai 엔지니어(데이터),https://www.jobkorea.co.kr/Recruit/GI_Read/46026864?Oem_Code=C1&logpath=1&stext=AI%20%EA%B0%9C%EB%B0%9C%EC%9E%90&listno=24,경력3년↑,학력무관,정규직,서울,AI 개발자
㈜헥토,"[헥토 ai랩] ai 테크팀 (software engineer, ml)",https://www.jobkorea.co.kr/Recruit/GI_Read/45864920?Oem_Code=C1&logpath=1&stext=AI%20%EA%B0%9C%EB%B0%9C%EC%9E%90&listno=25,경력8년↑,대졸↑,정규직,서울,AI 개발자
㈜네비웍스,ai 개발자(경력),https://www.jobkorea.co.kr/Recruit/GI_Read/45997908?Oem_Code=C1&logpath=1&stext=AI%20%EA%B0%9C%EB%B0%9C%EC%9E%90&listno=26,경력1년↑,대졸↑,정규직,경기,AI 개발자
㈜휴라이트,ai/ml 인공지능 엔지니어,https://www.jobkorea.co.kr/Recruit/GI_Read/45941699?Oem_Code=C1&logpath=1&stext=AI%20%EA%B0%9C%EB%B0%9C%EC%9E%90&listno=27,경력3년↑,학력무관,정규직,경기,AI 개발자
㈜아이스크림아트,ai연구소 ai기반 연구팀원 (경력),https://www.jobkorea.co.kr/Recruit/GI_Read/46036173?Oem_Code=C1&logpath=1&stext=AI%20%EA%B0%9C%EB%B0%9C%EC%9E%90&listno=29,경력5년↑,대졸↑,정규직,서울,AI 개발자
코아텍㈜,"인공지능 실무업무 경력자(it개발, ai, 전기전자)",https://www.jobkorea.co.kr/Recruit/GI_Read/46032532?Oem_Code=C1&logpath=1&stext=AI%20%EA%B0%9C%EB%B0%9C%EC%9E%90&listno=30,경력5년↑,대졸↑,정규직,경기,AI 개발자
㈜펨트론,[펨트론] 3d&ai팀 ct알고리즘 개발자,https://www.jobkorea.co.kr/Recruit/GI_Read/45998579?Oem_Code=C1&logpath=1&stext=AI%20%EA%B0%9C%EB%B0%9C%EC%9E%90&listno=31,신입·경력,초대졸↑,정규직,서울,AI 개발자
㈜CJ올리브네트웍스,[경력] llm 분야 생성형 ai 엔지니어,https://www.jobkorea.co.kr/Recruit/GI_Read/45973594?Oem_Code=C1&logpath=1&stext=AI%20%EA%B0%9C%EB%B0%9C%EC%9E%90&listno=34,경력,대졸↑,정규직 외,서울,AI 개발자
㈜미니게이트,[경력 3년 이상] ml(ai) engineer 모집합니다.,https://www.jobkorea.co.kr/Recruit/GI_Read/45994118?Oem_Code=C1&logpath=1&stext=AI%20%EA%B0%9C%EB%B0%9C%EC%9E%90&listno=36,경력3년↑,학력무관,정규직,서울,AI 개발자
㈜아이스크림아트,(주)아이스크림아트 ai연구소 ai기반연구팀장/팀원(경력) 채용,https://www.jobkorea.co.kr/Recruit/GI_Read/45993989?Oem_Code=C1&logpath=1&stext=AI%20%EA%B0%9C%EB%B0%9C%EC%9E%90&listno=37,경력5년↑,대졸↑,정규직,서울,AI 개발자
티엔에스에이아이㈜,ai(인공지능) 딥러닝 개발자 모집 인재채용,https://www.jobkorea.co.kr/Recruit/GI_Read/45867335?Oem_Code=C1&logpath=1&stext=AI%20%EA%B0%9C%EB%B0%9C%EC%9E%90&listno=38,신입·경력3년↑,석사↑,정규직,인천,AI 개발자
㈜엑스큐어넷,생성형 ai 모델 연구 및 응용 개발(ai/ml),https://www.jobkorea.co.kr/Recruit/GI_Read/45895377?Oem_Code=C1&logpath=1&stext=AI%20%EA%B0%9C%EB%B0%9C%EC%9E%90&listno=39,경력3년↑,초대졸↑,정규직,서울,AI 개발자
㈜인피닉,"[인공지능 연구소] ai 알고리즘 개발자 채용 (신입, 경력, 병역특례)",https://www.jobkorea.co.kr/Recruit/GI_Read/45703288?Oem_Code=C1&logpath=1&stext=AI%20%EA%B0%9C%EB%B0%9C%EC%9E%90&listno=40,신입·경력,대졸↑,정규직 외,서울,AI 개발자
㈜미니레코드,ai 개발자,https://www.jobkorea.co.kr/Recruit/GI_Read/45901759?Oem_Code=C1&logpath=1&stext=AI%20%EA%B0%9C%EB%B0%9C%EC%9E%90&listno=41,경력2년↑,대졸↑,정규직,서울,AI 개발자
섬재㈜,ai researcher,https://www.jobkorea.co.kr/Recruit/GI_Read/45927329?Oem_Code=C1&logpath=1&stext=AI%20%EA%B0%9C%EB%B0%9C%EC%9E%90&listno=42,경력3년↑,학력무관,정규직,서울,AI 개발자
슈프리마,[슈프리마 ai] 얼굴인식/비디오 분석 인공지능 알고리즘 개발자 모집,https://www.jobkorea.co.kr/Recruit/GI_Read/45888195?Oem_Code=C1&logpath=1&stext=AI%20%EA%B0%9C%EB%B0%9C%EC%9E%90&listno=43,신입·경력2년↑,대졸↑,정규직,경기,AI 개발자
㈜트루엔,on-device ai 개발자 적극채용 (truen),https://www.jobkorea.co.kr/Recruit/GI_Read/45933525?Oem_Code=C1&logpath=1&stext=AI%20%EA%B0%9C%EB%B0%9C%EC%9E%90&listno=44,경력7년↑,석사↑,정규직,서울,AI 개발자
㈜펄어비스,[펄어비스] [신입/경력] ai 엔지니어 모집,https://www.jobkorea.co.kr/Recruit/GI_Read/46012629?Oem_Code=C1&logpath=1&stext=AI%20%EA%B0%9C%EB%B0%9C%EC%9E%90&listno=47,경력무관,학력무관,정규직,경기,AI 개발자
㈜미니게이트,[경력 3년 이상] ml(ai) engineer 모집,https://www.jobkorea.co.kr/Recruit/GI_Read/45950375?Oem_Code=C1&logpath=1&stext=AI%20%EA%B0%9C%EB%B0%9C%EC%9E%90&listno=48,경력3년↑,학력무관,정규직,서울,AI 개발자
다큐브㈜,"ai 엔지니어 (llm, nlp)",https://www.jobkorea.co.kr/Recruit/GI_Read/45996079?Oem_Code=C1&logpath=1&stext=AI%20%EA%B0%9C%EB%B0%9C%EC%9E%90&listno=50,경력5년↑,학력무관,정규직,서울,AI 개발자
엔에이치엔㈜,[nhn] 음성 ai 연구/개발,https://www.jobkorea.co.kr/Recruit/GI_Read/45799959?Oem_Code=C1&logpath=1&stext=AI%20%EA%B0%9C%EB%B0%9C%EC%9E%90&listno=51,경력무관,석사↑,정규직,경기,AI 개발자
가온그룹㈜,[가온그룹] ai 백엔드 개발 담당 채용,https://www.jobkorea.co.kr/Recruit/GI_Read/45966069?Oem_Code=C1&logpath=1&stext=AI%20%EA%B0%9C%EB%B0%9C%EC%9E%90&listno=53,경력무관,초대졸↑,정규직,경기,AI 개발자
㈜뉴엔에이아이,[신입/경력] 인공지능 딥러닝 개발자 모집,https://www.jobkorea.co.kr/Recruit/GI_Read/45976037?Oem_Code=C1&logpath=1&stext=AI%20%EA%B0%9C%EB%B0%9C%EC%9E%90&listno=54,신입·경력1년↑,대졸↑,정규직,경기,AI 개발자
㈜알라딘커뮤니케이션,ai 엔지니어 개발자,https://www.jobkorea.co.kr/Recruit/GI_Read/45962660?Oem_Code=C1&logpath=1&stext=AI%20%EA%B0%9C%EB%B0%9C%EC%9E%90&listno=55,경력5년↑,학력무관,정규직,서울,AI 개발자
㈜비아이매트릭스,[코스닥기업] 생성형 ai 엔지니어 채용,https://www.jobkorea.co.kr/Recruit/GI_Read/46029095?Oem_Code=C1&logpath=1&stext=AI%20%EA%B0%9C%EB%B0%9C%EC%9E%90&listno=56,경력5년↑,대졸↑,정규직,서울,AI 개발자
알서포트㈜,[코스닥상장사] ai 기반 제품/서비스 개발자 채용,https://www.jobkorea.co.kr/Recruit/GI_Read/45991651?Oem_Code=C1&logpath=1&stext=AI%20%EA%B0%9C%EB%B0%9C%EC%9E%90&listno=57,경력3년↑,학력무관,정규직,서울,AI 개발자
에스이에스에이아이코리아 유한회사,senior ai/ml engineer,https://www.jobkorea.co.kr/Recruit/GI_Read/45875000?Oem_Code=C1&logpath=1&stext=AI%20%EA%B0%9C%EB%B0%9C%EC%9E%90&listno=58,경력5년↑,석사↑,정규직,경기,AI 개발자
프보이㈜,vision 분야 ai 경력 개발자 채용,https://www.jobkorea.co.kr/Recruit/GI_Read/45954925?Oem_Code=C1&logpath=1&stext=AI%20%EA%B0%9C%EB%B0%9C%EC%9E%90&listno=59,경력2년↑,대졸↑,정규직,부산,AI 개발자
㈜인피닉,[인공지능 연구소] 인공지능 및 지식그래프 연구/개발 신입 및 경력 채용,https://www.jobkorea.co.kr/Recruit/GI_Read/45987107?Oem_Code=C1&logpath=1&stext=AI%20%EA%B0%9C%EB%B0%9C%EC%9E%90&listno=60,경력무관,대졸↑,정규직,서울,AI 개발자
㈜메이크봇,"ai챗봇 선두기업, java/php 웹개발자 채용",https://www.jobkorea.co.kr/Recruit/GI_Read/46033261?Oem_Code=C1&logpath=1&stext=%EC%B1%97%EB%B4%87%20%EA%B0%9C%EB%B0%9C%EC%9E%90&listno=1,신입·경력,초대졸↑,정규직 외,서울,챗봇 개발자
㈜스피링크,[인재풀] ai 챗봇 개발 프리랜서 상시 모집(back/front),https://www.jobkorea.co.kr/Recruit/GI_Read/45924777?Oem_Code=C1&logpath=1&stext=%EC%B1%97%EB%B4%87%20%EA%B0%9C%EB%B0%9C%EC%9E%90&listno=2,경력5년↑,학력무관,프리랜서,서울,챗봇 개발자
㈜메이크봇,"ai챗봇 선두기업, 전문연구요원(병역특례) 채용(ai/sw 연구개발)",https://www.jobkorea.co.kr/Recruit/GI_Read/45868586?Oem_Code=C1&logpath=1&stext=%EC%B1%97%EB%B4%87%20%EA%B0%9C%EB%B0%9C%EC%9E%90&listno=7,신입·경력,초대졸↑,정규직 외,서울,챗봇 개발자
㈜새롬정보시스템,gen ai 기반 응용솔루션 웹개발(ai사업부문) 경력사원 채용공고,https://www.jobkorea.co.kr/Recruit/GI_Read/46036704?Oem_Code=C1&logpath=1&stext=%EC%B1%97%EB%B4%87%20%EA%B0%9C%EB%B0%9C%EC%9E%90&listno=8,경력3년↑,초대졸↑,정규직,서울,챗봇 개발자
㈜천재교육,[천재교육] ai센터 언어처리팀 각 부문별 개발자 모집(경력),https://www.jobkorea.co.kr/Recruit/GI_Read/46013479?Oem_Code=C1&logpath=1&stext=%EC%B1%97%EB%B4%87%20%EA%B0%9C%EB%B0%9C%EC%9E%90&listno=25,경력5년↑,학력무관,정규직 외,서울,챗봇 개발자
㈜누리미디어,[개발운영] 시니어 ai 개발자 (경력),https://www.jobkorea.co.kr/Recruit/GI_Read/45820632?Oem_Code=C1&logpath=1&stext=%EC%B1%97%EB%B4%87%20%EA%B0%9C%EB%B0%9C%EC%9E%90&listno=39,경력7년↑,학력무관,정규직,서울,챗봇 개발자
㈜에스지시큐리티컨설팅,[신입/경력]ai 개발자,https://www.jobkorea.co.kr/Recruit/GI_Read/45978474?Oem_Code=C1&logpath=1&stext=%EC%B1%97%EB%B4%87%20%EA%B0%9C%EB%B0%9C%EC%9E%90&listno=40,신입·경력1년↑,초대졸↑,정규직,서울,챗봇 개발자
메타빌드㈜,메타빌드(주) ai 개발자 인재 채용,https://www.jobkorea.co.kr/Recruit/GI_Read/45906098?Oem_Code=C1&logpath=1&stext=%EC%B1%97%EB%B4%87%20%EA%B0%9C%EB%B0%9C%EC%9E%90&listno=41,경력무관,대졸↑,정규직,서울,챗봇 개발자
㈜페르소나에이아이,인공지능(ai) 솔루션 php 개발자 채용,https://www.jobkorea.co.kr/Recruit/GI_Read/46048610?Oem_Code=C1&logpath=1&stext=%EC%B1%97%EB%B4%87%20%EA%B0%9C%EB%B0%9C%EC%9E%90&listno=42,경력5년↑,초대졸↑,정규직,서울,챗봇 개발자
알파브릿지㈜,프론트엔드 시니어 개발자 채용,https://www.jobkorea.co.kr/Recruit/GI_Read/45907088?Oem_Code=C1&logpath=1&stext=%EC%B1%97%EB%B4%87%20%EA%B0%9C%EB%B0%9C%EC%9E%90&listno=43,경력5년↑,학력무관,정규직,경기,챗봇 개발자
㈜페르소나에이아이,ai 음성인식 개발자 채용,https://www.jobkorea.co.kr/Recruit/GI_Read/45946096?Oem_Code=C1&logpath=1&stext=%EC%B1%97%EB%B4%87%20%EA%B0%9C%EB%B0%9C%EC%9E%90&listno=46,경력5년↑,학력무관,정규직,서울,챗봇 개발자
㈜페르소나에이아이,ai음성 솔루션 java 개발자 채용,https://www.jobkorea.co.kr/Recruit/GI_Read/45872361?Oem_Code=C1&logpath=1&stext=%EC%B1%97%EB%B4%87%20%EA%B0%9C%EB%B0%9C%EC%9E%90&listno=47,경력5년↑,초대졸↑,정규직,서울,챗봇 개발자
㈜미니레코드,react native 개발자,https://www.jobkorea.co.kr/Recruit/GI_Read/45901722?Oem_Code=C1&logpath=1&stext=%EC%B1%97%EB%B4%87%20%EA%B0%9C%EB%B0%9C%EC%9E%90&listno=51,경력1년↑,학력무관,정규직,서울,챗봇 개발자
㈜레인보우브레인,[플랫폼사업본부] 금융권 ai 서비스 프론트엔드개발자,https://www.jobkorea.co.kr/Recruit/GI_Read/45683096?Oem_Code=C1&logpath=1&stext=%EC%B1%97%EB%B4%87%20%EA%B0%9C%EB%B0%9C%EC%9E%90&listno=54,경력2년↑,대졸↑,정규직,서울,챗봇 개발자
㈜인티그리트,[차세대 ai 로보틱스 플랫폼] 인티그리트와 함께 해주실 역량있는 개발자를 모십니다 [r&d 부분),https://www.jobkorea.co.kr/Recruit/GI_Read/45959822?Oem_Code=C1&logpath=1&stext=%EC%B1%97%EB%B4%87%20%EA%B0%9C%EB%B0%9C%EC%9E%90&listno=56,경력,대졸↑,정규직,서울,챗봇 개발자
㈜스피링크,[textnet] llm 기반 풀스택 개발자 채용,https://www.jobkorea.co.kr/Recruit/GI_Read/45989449?Oem_Code=C1&logpath=1&stext=%EC%B1%97%EB%B4%87%20%EA%B0%9C%EB%B0%9C%EC%9E%90&listno=57,경력3년↑,대졸↑,계약직,서울,챗봇 개발자
㈜한국클라우드,(주)한국클라우드 프론트엔드 개발자 정규직 채용,https://www.jobkorea.co.kr/Recruit/GI_Read/45892269?Oem_Code=C1&logpath=1&stext=%EC%B1%97%EB%B4%87%20%EA%B0%9C%EB%B0%9C%EC%9E%90&listno=58,경력무관,학력무관,정규직,서울,챗봇 개발자
중소기업(300명이하),솔루션개발 및 구축 pl(챗봇 기획 경력),https://www.jobkorea.co.kr/Recruit/GI_Read/46008997?PageGbn=HH&logpath=1&stext=%EC%B1%97%EB%B4%87%20%EA%B0%9C%EB%B0%9C%EC%9E%90&listno=60,경력7년↑,학력무관,정규직,경기,챗봇 개발자
어빌리티 시스템즈,클라우드 엔지니어 채용,https://www.jobkorea.co.kr/Recruit/GI_Read/45924314?Oem_Code=C1&logpath=1&stext=%ED%81%B4%EB%9D%BC%EC%9A%B0%EB%93%9C%20%EC%97%94%EC%A7%80%EB%8B%88%EC%96%B4&listno=1,신입·경력2년↑,학력무관,정규직,서울,클라우드 엔지니어
㈜투스카이,cloud 엔지니어 모집,https://www.jobkorea.co.kr/Recruit/GI_Read/46034880?Oem_Code=C1&logpath=1&stext=%ED%81%B4%EB%9D%BC%EC%9A%B0%EB%93%9C%20%EC%97%94%EC%A7%80%EB%8B%88%EC%96%B4&listno=2,경력5년↑,학력무관,정규직 외,서울,클라우드 엔지니어
프레이,클라우드 엔지니어 정규직 채용 (네이버클라우드 운영자 우대),https://www.jobkorea.co.kr/Recruit/GI_Read/46022827?Oem_Code=C1&logpath=1&stext=%ED%81%B4%EB%9D%BC%EC%9A%B0%EB%93%9C%20%EC%97%94%EC%A7%80%EB%8B%88%EC%96%B4&listno=3,신입·경력2년↑,고졸↑,정규직,서울,클라우드 엔지니어
마노아이티(ManoIT),[신입] 클라우드 엔지니어 채용 - asap,https://www.jobkorea.co.kr/Recruit/GI_Read/45808885?Oem_Code=C1&logpath=1&stext=%ED%81%B4%EB%9D%BC%EC%9A%B0%EB%93%9C%20%EC%97%94%EC%A7%80%EB%8B%88%EC%96%B4&listno=5,신입·경력1년↑,학력무관,정규직 외,서울,클라우드 엔지니어
굿어스데이터㈜,naver cloud 엔지니어 (경력 1년 이상 5년 이하) 채용,https://www.jobkorea.co.kr/Recruit/GI_Read/46039150?Oem_Code=C1&logpath=1&stext=%ED%81%B4%EB%9D%BC%EC%9A%B0%EB%93%9C%20%EC%97%94%EC%A7%80%EB%8B%88%EC%96%B4&listno=6,경력1년↑,학력무관,정규직,서울,클라우드 엔지니어
㈜스타랩스,[스타랩스] aws 클라우드 엔지니어 채용,https://www.jobkorea.co.kr/Recruit/GI_Read/45980060?Oem_Code=C1&logpath=1&stext=%ED%81%B4%EB%9D%BC%EC%9A%B0%EB%93%9C%20%EC%97%94%EC%A7%80%EB%8B%88%EC%96%B4&listno=7,경력,학력무관,정규직,서울,클라우드 엔지니어
주식회사 빗썸,[빗썸] 블록체인 클라우드 엔지니어 (시니어),https://www.jobkorea.co.kr/Recruit/GI_Read/45734377?Oem_Code=C1&logpath=1&stext=%ED%81%B4%EB%9D%BC%EC%9A%B0%EB%93%9C%20%EC%97%94%EC%A7%80%EB%8B%88%EC%96%B4&listno=8,경력8년↑,학력무관,정규직,서울,클라우드 엔지니어
주식회사 빗썸,[빗썸] 블록체인 클라우드 엔지니어 (주니어),https://www.jobkorea.co.kr/Recruit/GI_Read/45734334?Oem_Code=C1&logpath=1&stext=%ED%81%B4%EB%9D%BC%EC%9A%B0%EB%93%9C%20%EC%97%94%EC%A7%80%EB%8B%88%EC%96%B4&listno=9,경력1년↑,학력무관,정규직,서울,클라우드 엔지니어
㈜에스티유니타스,[st unitas] 클라우드 엔지니어 팀원급 포지션 인재채용,https://www.jobkorea.co.kr/Recruit/GI_Read/45890744?Oem_Code=C1&logpath=1&stext=%ED%81%B4%EB%9D%BC%EC%9A%B0%EB%93%9C%20%EC%97%94%EC%A7%80%EB%8B%88%EC%96%B4&listno=10,경력1년↑,학력무관,정규직,서울,클라우드 엔지니어
인프라닉스㈜,"(2024년) 클라우드 엔지니어 & 컨설턴트 초빙(신입, 경력사원)",https://www.jobkorea.co.kr/Recruit/GI_Read/45869330?Oem_Code=C1&logpath=1&stext=%ED%81%B4%EB%9D%BC%EC%9A%B0%EB%93%9C%20%EC%97%94%EC%A7%80%EB%8B%88%EC%96%B4&listno=11,신입·경력3년↑,초대졸↑,정규직,서울,클라우드 엔지니어
㈜에쓰씨케이,cloud 엔지니어,https://www.jobkorea.co.kr/Recruit/GI_Read/46054384?Oem_Code=C1&logpath=1&stext=%ED%81%B4%EB%9D%BC%EC%9A%B0%EB%93%9C%20%EC%97%94%EC%A7%80%EB%8B%88%EC%96%B4&listno=12,경력3년↑,학력무관,정규직,서울,클라우드 엔지니어
㈜스타비젼,"[스타비젼] 웹개발, 이커머스 백엔드 개발, 솔루션 개발, 클라우드 엔지니어",https://www.jobkorea.co.kr/Recruit/GI_Read/45930247?Oem_Code=C1&logpath=1&stext=%ED%81%B4%EB%9D%BC%EC%9A%B0%EB%93%9C%20%EC%97%94%EC%A7%80%EB%8B%88%EC%96%B4&listno=13,경력5년↑,학력무관,정규직,서울,클라우드 엔지니어
메가존클라우드㈜,aws managed service (enterprise cloud engineer) 채용,https://www.jobkorea.co.kr/Recruit/GI_Read/45772958?Oem_Code=C1&logpath=1&stext=%ED%81%B4%EB%9D%BC%EC%9A%B0%EB%93%9C%20%EC%97%94%EC%A7%80%EB%8B%88%EC%96%B4&listno=14,경력무관,학력무관,정규직,경기,클라우드 엔지니어
메가존소프트,"google cloud(engineer,sales) 채용",https://www.jobkorea.co.kr/Recruit/GI_Read/45877540?Oem_Code=C1&logpath=1&stext=%ED%81%B4%EB%9D%BC%EC%9A%B0%EB%93%9C%20%EC%97%94%EC%A7%80%EB%8B%88%EC%96%B4&listno=15,경력3년↑,학력무관,정규직,경기,클라우드 엔지니어
"㈜에스티씨랩(STCLab.co.,Ltd.)","[아기 유니콘] cloud engineer, rust (정규직 전환형 인턴)",https://www.jobkorea.co.kr/Recruit/GI_Read/46017951?Oem_Code=C1&logpath=1&stext=%ED%81%B4%EB%9D%BC%EC%9A%B0%EB%93%9C%20%EC%97%94%EC%A7%80%EB%8B%88%EC%96%B4&listno=16,경력무관,학력무관,인턴,서울,클라우드 엔지니어
㈜트립비토즈,[트립비토즈] devops/클라우드 엔지니어 경력 채용,https://www.jobkorea.co.kr/Recruit/GI_Read/46044021?Oem_Code=C1&logpath=1&stext=%ED%81%B4%EB%9D%BC%EC%9A%B0%EB%93%9C%20%EC%97%94%EC%A7%80%EB%8B%88%EC%96%B4&listno=17,경력3년↑,학력무관,정규직,서울,클라우드 엔지니어
㈜유더블유에스,클라우드 시스템운영 엔지니어,https://www.jobkorea.co.kr/Recruit/GI_Read/45904081?Oem_Code=C1&logpath=1&stext=%ED%81%B4%EB%9D%BC%EC%9A%B0%EB%93%9C%20%EC%97%94%EC%A7%80%EB%8B%88%EC%96%B4&listno=18,경력10년↑,초대졸↑,정규직 외,서울,클라우드 엔지니어
메가존클라우드㈜,[메가존클라우드] global managed service engineer,https://www.jobkorea.co.kr/Recruit/GI_Read/46021350?Oem_Code=C1&logpath=1&stext=%ED%81%B4%EB%9D%BC%EC%9A%B0%EB%93%9C%20%EC%97%94%EC%A7%80%EB%8B%88%EC%96%B4&listno=19,경력3년↑,학력무관,정규직,경기,클라우드 엔지니어
"㈜주호시스템즈(JuHo Systems Co.,Ltd.)",클라우드 시스템 엔지니어 채용,https://www.jobkorea.co.kr/Recruit/GI_Read/45770270?Oem_Code=C1&logpath=1&stext=%ED%81%B4%EB%9D%BC%EC%9A%B0%EB%93%9C%20%EC%97%94%EC%A7%80%EB%8B%88%EC%96%B4&listno=20,경력3년↑,초대졸↑,정규직,서울,클라우드 엔지니어
㈜브리즈,[브리즈] azure cloud architect 경력 채용,https://www.jobkorea.co.kr/Recruit/GI_Read/45872091?Oem_Code=C1&logpath=1&stext=%ED%81%B4%EB%9D%BC%EC%9A%B0%EB%93%9C%20%EC%97%94%EC%A7%80%EB%8B%88%EC%96%B4&listno=34,경력3년↑,초대졸↑,정규직,서울,클라우드 엔지니어
㈜이테크시스템,observability 및 cloud 솔루션 엔지니어 모집,https://www.jobkorea.co.kr/Recruit/GI_Read/46038459?Oem_Code=C1&logpath=1&stext=%ED%81%B4%EB%9D%BC%EC%9A%B0%EB%93%9C%20%EC%97%94%EC%A7%80%EB%8B%88%EC%96%B4&listno=35,경력3년↑,대졸↑,정규직,서울,클라우드 엔지니어
소프트캠프㈜,보안sw 클라우드 devops 엔지니어 경력직 모집,https://www.jobkorea.co.kr/Recruit/GI_Read/45803110?Oem_Code=C1&logpath=1&stext=%ED%81%B4%EB%9D%BC%EC%9A%B0%EB%93%9C%20%EC%97%94%EC%A7%80%EB%8B%88%EC%96%B4&listno=36,경력,대졸↑,정규직,경기,클라우드 엔지니어
엔에이치엔인재아이엔씨㈜,[nhn injeinc] private cloud msp 엔지니어 모집,https://www.jobkorea.co.kr/Recruit/GI_Read/45997814?Oem_Code=C1&logpath=1&stext=%ED%81%B4%EB%9D%BC%EC%9A%B0%EB%93%9C%20%EC%97%94%EC%A7%80%EB%8B%88%EC%96%B4&listno=37,경력1년↑,초대졸↑,정규직,서울,클라우드 엔지니어
㈜라인플러스,[line plus] private cloud qa engineer,https://www.jobkorea.co.kr/Recruit/GI_Read/45755301?Oem_Code=C1&logpath=1&stext=%ED%81%B4%EB%9D%BC%EC%9A%B0%EB%93%9C%20%EC%97%94%EC%A7%80%EB%8B%88%EC%96%B4&listno=38,경력2년↑,학력무관,정규직,경기,클라우드 엔지니어
㈜헤이즐시스,시스템/가상화 엔지니어 모집중,https://www.jobkorea.co.kr/Recruit/GI_Read/45681464?Oem_Code=C1&logpath=1&stext=%ED%81%B4%EB%9D%BC%EC%9A%B0%EB%93%9C%20%EC%97%94%EC%A7%80%EB%8B%88%EC%96%B4&listno=39,신입·경력,초대졸↑,정규직,서울,클라우드 엔지니어
시앤지원,클라우드(vmware) 엔지니어 경력,https://www.jobkorea.co.kr/Recruit/GI_Read/45684425?Oem_Code=C1&logpath=1&stext=%ED%81%B4%EB%9D%BC%EC%9A%B0%EB%93%9C%20%EC%97%94%EC%A7%80%EB%8B%88%EC%96%B4&listno=40,경력1년↑,초대졸↑,정규직,서울,클라우드 엔지니어
라쿠텐심포니코리아㈜,[rakuten symphony] cloud bu hiring (cloud/qa engineer),https://www.jobkorea.co.kr/Recruit/GI_Read/46016300?Oem_Code=C1&logpath=1&stext=%ED%81%B4%EB%9D%BC%EC%9A%B0%EB%93%9C%20%EC%97%94%EC%A7%80%EB%8B%88%EC%96%B4&listno=41,경력,학력무관,정규직,서울,클라우드 엔지니어
㈜클라우드네트웍스,[클라우드네트웍스] 빅데이터 솔루션 엔지니어 모집 (신입/경력),https://www.jobkorea.co.kr/Recruit/GI_Read/45969184?Oem_Code=C1&logpath=1&stext=%ED%81%B4%EB%9D%BC%EC%9A%B0%EB%93%9C%20%EC%97%94%EC%A7%80%EB%8B%88%EC%96%B4&listno=42,신입·경력,학력무관,정규직,서울,클라우드 엔지니어
아콘소프트(주),[아콘소프트] cloud native 엔지니어 채용 (3년 이상),https://www.jobkorea.co.kr/Recruit/GI_Read/45841461?Oem_Code=C1&logpath=1&stext=%ED%81%B4%EB%9D%BC%EC%9A%B0%EB%93%9C%20%EC%97%94%EC%A7%80%EB%8B%88%EC%96%B4&listno=43,경력3년↑,초대졸↑,정규직,서울,클라우드 엔지니어
㈜넷티어시스템즈,클라우드 인프라 및 네트워크 인프라 엔지니어 모집,https://www.jobkorea.co.kr/Recruit/GI_Read/46030698?Oem_Code=C1&logpath=1&stext=%ED%81%B4%EB%9D%BC%EC%9A%B0%EB%93%9C%20%EC%97%94%EC%A7%80%EB%8B%88%EC%96%B4&listno=44,신입,학력무관,정규직,경기,클라우드 엔지니어
비에스지원,클라우드 인프라 엔지니어 신입 채용공고,https://www.jobkorea.co.kr/Recruit/GI_Read/46030229?Oem_Code=C1&logpath=1&stext=%ED%81%B4%EB%9D%BC%EC%9A%B0%EB%93%9C%20%EC%97%94%EC%A7%80%EB%8B%88%EC%96%B4&listno=45,신입,초대졸↑,정규직,서울,클라우드 엔지니어
㈜스피디,cloud & 솔루션 엔지니어,https://www.jobkorea.co.kr/Recruit/GI_Read/45911541?Oem_Code=C1&logpath=1&stext=%ED%81%B4%EB%9D%BC%EC%9A%B0%EB%93%9C%20%EC%97%94%EC%A7%80%EB%8B%88%EC%96%B4&listno=46,경력3년↑,고졸↑,정규직,경기,클라우드 엔지니어
디피니션㈜,[대교&메가존클라우드] devops엔지니어,https://www.jobkorea.co.kr/Recruit/GI_Read/45945809?Oem_Code=C1&logpath=1&stext=%ED%81%B4%EB%9D%BC%EC%9A%B0%EB%93%9C%20%EC%97%94%EC%A7%80%EB%8B%88%EC%96%B4&listno=47,경력5년↑,대졸↑,정규직,서울,클라우드 엔지니어
쿠팡㈜,시스템 엔지니어 (corp systems engineering),https://www.jobkorea.co.kr/Recruit/GI_Read/46028999?Oem_Code=C1&logpath=1&stext=%ED%81%B4%EB%9D%BC%EC%9A%B0%EB%93%9C%20%EC%97%94%EC%A7%80%EB%8B%88%EC%96%B4&listno=48,경력15년↑,학력무관,정규직,서울,클라우드 엔지니어
㈜엠티데이타,클라우드/데브옵스(devops)엔지니어 경력자 모집(5년이상),https://www.jobkorea.co.kr/Recruit/GI_Read/45766070?Oem_Code=C1&logpath=1&stext=%ED%81%B4%EB%9D%BC%EC%9A%B0%EB%93%9C%20%EC%97%94%EC%A7%80%EB%8B%88%EC%96%B4&listno=49,경력3년↑,학력무관,정규직,경기,클라우드 엔지니어
하만커넥티드서비시즈인크,하만커넥티드서비시즈인크 - cloud infrastructure engineer (경력),https://www.jobkorea.co.kr/Recruit/GI_Read/45977756?Oem_Code=C1&logpath=1&stext=%ED%81%B4%EB%9D%BC%EC%9A%B0%EB%93%9C%20%EC%97%94%EC%A7%80%EB%8B%88%EC%96%B4&listno=50,경력2년↑,대졸↑,정규직,경기,클라우드 엔지니어
㈜엘림넷,클라우드 / 시스템엔지니어 신입 채용,https://www.jobkorea.co.kr/Recruit/GI_Read/45875761?Oem_Code=C1&logpath=1&stext=%ED%81%B4%EB%9D%BC%EC%9A%B0%EB%93%9C%20%EC%97%94%EC%A7%80%EB%8B%88%EC%96%B4&listno=51,신입,학력무관,정규직,서울,클라우드 엔지니어
디딤365㈜,클라우드 구축 및 운영 엔지니어 인재 채용,https://www.jobkorea.co.kr/Recruit/GI_Read/45882723?Oem_Code=C1&logpath=1&stext=%ED%81%B4%EB%9D%BC%EC%9A%B0%EB%93%9C%20%EC%97%94%EC%A7%80%EB%8B%88%EC%96%B4&listno=53,경력2년↑,초대졸↑,정규직,서울,클라우드 엔지니어
㈜카카오엔터프라이즈,[클라우드서비스인프라실] 클라우드 managed 서비스 엔지니어 영입,https://www.jobkorea.co.kr/Recruit/GI_Read/46059652?Oem_Code=C1&logpath=1&stext=%ED%81%B4%EB%9D%BC%EC%9A%B0%EB%93%9C%20%EC%97%94%EC%A7%80%EB%8B%88%EC%96%B4&listno=57,경력무관,학력무관,정규직,경기,클라우드 엔지니어
크놉스시스템㈜,project management system 고도화 react 개발자 및 백앤드 api 개발자,https://www.jobkorea.co.kr/Recruit/GI_Read/45977929?Oem_Code=C1&logpath=1&stext=API%20%EA%B0%9C%EB%B0%9C%EC%9E%90&listno=1,경력5년↑,학력무관,계약직 외,서울,API 개발자
㈜인피니소프트,[강소기업] 이노페이 pg시스템 및 전자금융/전자결제 api 개발자 채용,https://www.jobkorea.co.kr/Recruit/GI_Read/45943592?Oem_Code=C1&logpath=1&stext=API%20%EA%B0%9C%EB%B0%9C%EC%9E%90&listno=2,경력2년↑,학력무관,정규직,서울,API 개발자
㈜넥슨,[인텔리전스랩스] sdk api팀 백엔드 개발자 (java),https://www.jobkorea.co.kr/Recruit/GI_Read/46012422?Oem_Code=C1&logpath=1&stext=API%20%EA%B0%9C%EB%B0%9C%EC%9E%90&listno=3,경력5년↑,학력무관,정규직,경기,API 개발자
㈜플그림,2024 하반기 개발직군 경력직 채용 - (커머스서비스개발 / aa),https://www.jobkorea.co.kr/Recruit/GI_Read/45959569?Oem_Code=C1&logpath=1&stext=API%20%EA%B0%9C%EB%B0%9C%EC%9E%90&listno=4,경력3년↑,대졸↑,정규직,서울,API 개발자
㈜창소프트아이앤아이,창소프트아이앤아이 revit api pulgin 개발자 채용(경력직),https://www.jobkorea.co.kr/Recruit/GI_Read/46022344?Oem_Code=C1&logpath=1&stext=API%20%EA%B0%9C%EB%B0%9C%EC%9E%90&listno=6,경력2년↑,학력무관,정규직,서울,API 개발자
피피에스에스㈜,open api gateway 개발자(경력 3년이상) 모집,https://www.jobkorea.co.kr/Recruit/GI_Read/45926050?Oem_Code=C1&logpath=1&stext=API%20%EA%B0%9C%EB%B0%9C%EC%9E%90&listno=7,경력3년↑,대졸↑,정규직,서울,API 개발자
호텔스토리,[호텔스토리] connectivity팀 api개발 php 경력/신규 개발자 모집,https://www.jobkorea.co.kr/Recruit/GI_Read/45884287?Oem_Code=C1&logpath=1&stext=API%20%EA%B0%9C%EB%B0%9C%EC%9E%90&listno=8,경력무관,학력무관,정규직,서울,API 개발자
㈜이루미에듀테크,"php, node, javascript 개발자 초빙합니다",https://www.jobkorea.co.kr/Recruit/GI_Read/45975613?Oem_Code=C1&logpath=1&stext=API%20%EA%B0%9C%EB%B0%9C%EC%9E%90&listno=11,신입·경력3년↑,초대졸↑,정규직 외,서울,API 개발자
㈜다올비젼,java 풀스택 개발자 채용 공고 - 호텔 및 관광레저 솔루션 개발,https://www.jobkorea.co.kr/Recruit/GI_Read/45874903?Oem_Code=C1&logpath=1&stext=API%20%EA%B0%9C%EB%B0%9C%EC%9E%90&listno=12,경력5년↑,학력무관,정규직,서울,API 개발자
버스크,[초기 스타트업] wms/api 시스템 개발 담당자 모집,https://www.jobkorea.co.kr/Recruit/GI_Read/46029835?Oem_Code=C1&logpath=1&stext=API%20%EA%B0%9C%EB%B0%9C%EC%9E%90&listno=13,경력2년↑,대졸↑,정규직,서울,API 개발자
㈜더쇼소프웨어,2d 게임 서버 개발자 모집,https://www.jobkorea.co.kr/Recruit/GI_Read/45832392?Oem_Code=C1&logpath=1&stext=API%20%EA%B0%9C%EB%B0%9C%EC%9E%90&listno=14,경력5년↑,학력무관,정규직,서울,API 개발자
더치트주식회사,php 개발자,https://www.jobkorea.co.kr/Recruit/GI_Read/46042059?Oem_Code=C1&logpath=1&stext=API%20%EA%B0%9C%EB%B0%9C%EC%9E%90&listno=15,경력3년↑,학력무관,정규직 외,서울,API 개발자
㈜넥슨,[인텔리전스랩스] mlops팀 백엔드 개발자 (python/go),https://www.jobkorea.co.kr/Recruit/GI_Read/45679683?Oem_Code=C1&logpath=1&stext=API%20%EA%B0%9C%EB%B0%9C%EC%9E%90&listno=16,경력무관,학력무관,정규직,경기,API 개발자
㈜세일코리아넷,"[정규직] 응용프로그램 개발자 신입, 경력자(파워빌더 1년이상) 모집",https://www.jobkorea.co.kr/Recruit/GI_Read/45945278?Oem_Code=C1&logpath=1&stext=API%20%EA%B0%9C%EB%B0%9C%EC%9E%90&listno=18,신입·경력1년↑,초대졸↑,정규직,서울,API 개발자
㈜넥슨,[글로벌보안본부] 탐지솔루션실 백엔드 개발자,https://www.jobkorea.co.kr/Recruit/GI_Read/45938522?Oem_Code=C1&logpath=1&stext=API%20%EA%B0%9C%EB%B0%9C%EC%9E%90&listno=20,경력3년↑,학력무관,정규직,경기,API 개발자
㈜엠게임,"[엠게임] 클라이언트(unity3d, dx) 개발자 모집",https://www.jobkorea.co.kr/Recruit/GI_Read/45884281?Oem_Code=C1&logpath=1&stext=API%20%EA%B0%9C%EB%B0%9C%EC%9E%90&listno=21,경력1년↑,학력무관,정규직,서울,API 개발자
㈜투윈스컴,c# c++ .net wpf windows application 개발자 채용,https://www.jobkorea.co.kr/Recruit/GI_Read/45934708?Oem_Code=C1&logpath=1&stext=API%20%EA%B0%9C%EB%B0%9C%EC%9E%90&listno=22,경력무관,학력무관,정규직,서울,API 개발자
"㈜숲(SOOP CO., LTD.)",[soop] ai 미들웨어 api 개발,https://www.jobkorea.co.kr/Recruit/GI_Read/45975057?Oem_Code=C1&logpath=1&stext=API%20%EA%B0%9C%EB%B0%9C%EC%9E%90&listno=23,경력3년↑,학력무관,정규직,경기,API 개발자
㈜멸치,[젊은 인재를 모십니다.] 오픈마켓 개발자 경력직 채용 (백엔드),https://www.jobkorea.co.kr/Recruit/GI_Read/45721410?Oem_Code=C1&logpath=1&stext=API%20%EA%B0%9C%EB%B0%9C%EC%9E%90&listno=25,경력5년↑,학력무관,정규직 외,서울,API 개발자
멸치,[최고 대우] 오픈마켓 개발자 경력직 채용 (백엔드),https://www.jobkorea.co.kr/Recruit/GI_Read/45918529?Oem_Code=C1&logpath=1&stext=API%20%EA%B0%9C%EB%B0%9C%EC%9E%90&listno=28,경력5년↑,학력무관,정규직 외,서울,API 개발자
㈜인스웨이브시스템즈,[경력]엔터프라이즈 솔루션 연구개발자 채용,https://www.jobkorea.co.kr/Recruit/GI_Read/45714471?Oem_Code=C1&logpath=1&stext=API%20%EA%B0%9C%EB%B0%9C%EC%9E%90&listno=29,경력,초대졸↑,정규직,서울,API 개발자
㈜맥크리오트,iot 단말기 sw 개발자 모집합니다.,https://www.jobkorea.co.kr/Recruit/GI_Read/45948086?Oem_Code=C1&logpath=1&stext=API%20%EA%B0%9C%EB%B0%9C%EC%9E%90&listno=30,경력2년↑,초대졸↑,정규직,경기,API 개발자
㈜링크제니시스,차량용 sw test 자동화 개발(python),https://www.jobkorea.co.kr/Recruit/GI_Read/45746800?Oem_Code=C1&logpath=1&stext=API%20%EA%B0%9C%EB%B0%9C%EC%9E%90&listno=31,신입·경력3년↑,대졸↑,정규직,인천,API 개발자
㈜커맨드,java/ spring backend 개발자 채용,https://www.jobkorea.co.kr/Recruit/GI_Read/45992870?Oem_Code=C1&logpath=1&stext=API%20%EA%B0%9C%EB%B0%9C%EC%9E%90&listno=32,경력무관,학력무관,정규직,경남,API 개발자
(주)디트릭스,ai 개발 지식과 경험이 풍부한 경력 3년 이상의 개발자를 모십니다.,https://www.jobkorea.co.kr/Recruit/GI_Read/45913165?Oem_Code=C1&logpath=1&stext=API%20%EA%B0%9C%EB%B0%9C%EC%9E%90&listno=33,경력3년↑,초대졸↑,정규직,경기,API 개발자
딥브레인 AI,front-end 개발자(병특가능),https://www.jobkorea.co.kr/Recruit/GI_Read/45971187?Oem_Code=C1&logpath=1&stext=API%20%EA%B0%9C%EB%B0%9C%EC%9E%90&listno=34,경력5년↑,대졸↑,정규직,서울,API 개발자
㈜커넥트웨이브,컨슈머 커머스 cto 검색엔진 개발 경력,https://www.jobkorea.co.kr/Recruit/GI_Read/46032845?Oem_Code=C1&logpath=1&stext=API%20%EA%B0%9C%EB%B0%9C%EC%9E%90&listno=37,경력5년↑,학력무관,정규직,서울,API 개발자
㈜이노액티브,"개발자 정규직 채용(c# ,react개발자)",https://www.jobkorea.co.kr/Recruit/GI_Read/45789510?Oem_Code=C1&logpath=1&stext=API%20%EA%B0%9C%EB%B0%9C%EC%9E%90&listno=38,경력2년↑,초대졸↑,정규직,서울,API 개발자
㈜스마이트,java 개발자(은행 및 보험분야 유경험자),https://www.jobkorea.co.kr/Recruit/GI_Read/45758291?Oem_Code=C1&logpath=1&stext=API%20%EA%B0%9C%EB%B0%9C%EC%9E%90&listno=39,경력6년↑,초대졸↑,정규직 외,서울,API 개발자
㈜다에리소프트,[다에리소프트] 게임 api제작 및 게임서버 구축 가능하신 개발자를 모십니,https://www.jobkorea.co.kr/Recruit/GI_Read/46012755?Oem_Code=C1&logpath=1&stext=API%20%EA%B0%9C%EB%B0%9C%EC%9E%90&listno=40,경력2년↑,학력무관,정규직,서울,API 개발자
㈜글로비즈,backend 개발자,https://www.jobkorea.co.kr/Recruit/GI_Read/46018093?Oem_Code=C1&logpath=1&stext=API%20%EA%B0%9C%EB%B0%9C%EC%9E%90&listno=41,경력,고졸↑,정규직,서울,API 개발자
티맵모빌리티㈜,"[티맵모빌리티] 개발자 채용 (ce, be, devops, search, da, 개발pm)",https://www.jobkorea.co.kr/Recruit/GI_Read/46043593?Oem_Code=C1&logpath=1&stext=API%20%EA%B0%9C%EB%B0%9C%EC%9E%90&listno=42,경력2년↑,초대졸↑,정규직,서울,API 개발자
"㈜지앤비오 (GNBO, Inc",[경력] 풀스택 개발자 채용,https://www.jobkorea.co.kr/Recruit/GI_Read/46043508?Oem_Code=C1&logpath=1&stext=API%20%EA%B0%9C%EB%B0%9C%EC%9E%90&listno=43,경력5년↑,학력무관,정규직,서울,API 개발자
클로우플레이크㈜,[정규직] 자바개발자를 구인합니다.,https://www.jobkorea.co.kr/Recruit/GI_Read/45896525?Oem_Code=C1&logpath=1&stext=API%20%EA%B0%9C%EB%B0%9C%EC%9E%90&listno=44,경력10년↑,학력무관,정규직,서울,API 개발자
㈜커널스,(주)커널스에서 jsp 개발자(경력)를 모십니다.,https://www.jobkorea.co.kr/Recruit/GI_Read/45956399?Oem_Code=C1&logpath=1&stext=API%20%EA%B0%9C%EB%B0%9C%EC%9E%90&listno=45,경력5년↑,학력무관,정규직 외,서울,API 개발자
피다,app front end 개발자 채용,https://www.jobkorea.co.kr/Recruit/GI_Read/45948169?Oem_Code=C1&logpath=1&stext=API%20%EA%B0%9C%EB%B0%9C%EC%9E%90&listno=46,경력3년↑,대졸↑,정규직,경기,API 개발자
㈜슈퍼픽시,"[신입/경력] react, node.js 개발자 채용",https://www.jobkorea.co.kr/Recruit/GI_Read/45884739?Oem_Code=C1&logpath=1&stext=API%20%EA%B0%9C%EB%B0%9C%EC%9E%90&listno=47,신입·경력5년↑,학력무관,정규직,서울,API 개발자
㈜누리모빌리티,[솔루션] it 개발본부를 이끌 백엔드-java 개발자,https://www.jobkorea.co.kr/Recruit/GI_Read/45914289?Oem_Code=C1&logpath=1&stext=API%20%EA%B0%9C%EB%B0%9C%EC%9E%90&listno=48,경력3년↑,초대졸↑,정규직,인천,API 개발자
㈜알지티,window application 개발자 채용,https://www.jobkorea.co.kr/Recruit/GI_Read/46041113?Oem_Code=C1&logpath=1&stext=API%20%EA%B0%9C%EB%B0%9C%EC%9E%90&listno=49,경력3년↑,대졸↑,정규직,서울,API 개발자
㈜라이트형제,[스타트업 투자회사 비세이프] flutter 앱개발자 모집(신입/경력),https://www.jobkorea.co.kr/Recruit/GI_Read/45927477?Oem_Code=C1&logpath=1&stext=API%20%EA%B0%9C%EB%B0%9C%EC%9E%90&listno=51,경력무관,학력무관,정규직,세종,API 개발자
㈜미르솔텍,시스템 분석/설계/개발자,https://www.jobkorea.co.kr/Recruit/GI_Read/45771295?Oem_Code=C1&logpath=1&stext=API%20%EA%B0%9C%EB%B0%9C%EC%9E%90&listno=52,경력,학력무관,정규직 외,서울,API 개발자
㈜앱플러,"aos, ios, flutter 앱개발자 경력직 채용",https://www.jobkorea.co.kr/Recruit/GI_Read/45888983?Oem_Code=C1&logpath=1&stext=API%20%EA%B0%9C%EB%B0%9C%EC%9E%90&listno=54,경력3년↑,학력무관,정규직,경기,API 개발자
위티브,"(주)위티브 웹, 앱 개발자 채용",https://www.jobkorea.co.kr/Recruit/GI_Read/45992358?Oem_Code=C1&logpath=1&stext=API%20%EA%B0%9C%EB%B0%9C%EC%9E%90&listno=55,경력무관,학력무관,정규직 외,대전,API 개발자
㈜조인아이티,"si(통신-api 정보연동 개발/상암/즉시-24.12.31/초고1명,고급1명/상세참조/",https://www.jobkorea.co.kr/Recruit/GI_Read/46034778?Oem_Code=C1&logpath=1&stext=API%20%EA%B0%9C%EB%B0%9C%EC%9E%90&listno=57,경력3년↑,학력무관,계약직 외,서울,API 개발자
코리엠소프트,리엑트 네이티브 앱 개발자 모집,https://www.jobkorea.co.kr/Recruit/GI_Read/45761874?Oem_Code=C1&logpath=1&stext=API%20%EA%B0%9C%EB%B0%9C%EC%9E%90&listno=58,신입·경력1년↑,학력무관,정규직,대전,API 개발자
노빌더,모바일앱 개발자 노코드 bubble.io 구인 (신입/경력),https://www.jobkorea.co.kr/Recruit/GI_Read/45793740?Oem_Code=C1&logpath=1&stext=API%20%EA%B0%9C%EB%B0%9C%EC%9E%90&listno=59,신입·경력,학력무관,정규직,서울,API 개발자
㈜에스에이치엘에이비,"c#, 파이썬 개발자 모집",https://www.jobkorea.co.kr/Recruit/GI_Read/45727355?Oem_Code=C1&logpath=1&stext=API%20%EA%B0%9C%EB%B0%9C%EC%9E%90&listno=60,경력무관,학력무관,정규직,서울,API 개발자
메디웨일,머신러닝 엔지니어,https://www.jobkorea.co.kr/Recruit/GI_Read/45991039?Oem_Code=C1&logpath=1&stext=%EB%A8%B8%EC%8B%A0%EB%9F%AC%EB%8B%9D%20%EC%97%94%EC%A7%80%EB%8B%88%EC%96%B4&listno=1,신입,학력무관,정규직,서울,머신러닝 엔지니어
㈜클래스유,[클래스유] 머신러닝 엔지니어,https://www.jobkorea.co.kr/Recruit/GI_Read/46014364?Oem_Code=C1&logpath=1&stext=%EB%A8%B8%EC%8B%A0%EB%9F%AC%EB%8B%9D%20%EC%97%94%EC%A7%80%EB%8B%88%EC%96%B4&listno=2,경력3년↑,대졸↑,정규직,서울,머신러닝 엔지니어
㈜이스트소프트,llm 머신러닝 엔지니어,https://www.jobkorea.co.kr/Recruit/GI_Read/45930923?Oem_Code=C1&logpath=1&stext=%EB%A8%B8%EC%8B%A0%EB%9F%AC%EB%8B%9D%20%EC%97%94%EC%A7%80%EB%8B%88%EC%96%B4&listno=3,경력3년↑,학력무관,정규직,서울,머신러닝 엔지니어
플라잎,[ 판교 / 로봇 스타트업 ] 머신러닝 엔지니어 (전문연구),https://www.jobkorea.co.kr/Recruit/GI_Read/45781310?Oem_Code=C1&logpath=1&stext=%EB%A8%B8%EC%8B%A0%EB%9F%AC%EB%8B%9D%20%EC%97%94%EC%A7%80%EB%8B%88%EC%96%B4&listno=4,경력무관,학력무관,정규직,경기,머신러닝 엔지니어
㈜트릿지,[tridge] ml engineer (산업기능요원),https://www.jobkorea.co.kr/Recruit/GI_Read/46030471?Oem_Code=C1&logpath=1&stext=%EB%A8%B8%EC%8B%A0%EB%9F%AC%EB%8B%9D%20%EC%97%94%EC%A7%80%EB%8B%88%EC%96%B4&listno=5,경력무관,학력무관,계약직,서울,머신러닝 엔지니어
㈜라이앤캐처스,[경력직] 추천엔지니어(ml엔지니어) 모집,https://www.jobkorea.co.kr/Recruit/GI_Read/45913134?Oem_Code=C1&logpath=1&stext=%EB%A8%B8%EC%8B%A0%EB%9F%AC%EB%8B%9D%20%EC%97%94%EC%A7%80%EB%8B%88%EC%96%B4&listno=6,경력3년↑,학력무관,정규직,서울,머신러닝 엔지니어
㈜비바리퍼블리카,ml engineer(facepay),https://www.jobkorea.co.kr/Recruit/GI_Read/45755800?Oem_Code=C1&logpath=1&stext=%EB%A8%B8%EC%8B%A0%EB%9F%AC%EB%8B%9D%20%EC%97%94%EC%A7%80%EB%8B%88%EC%96%B4&listno=7,경력무관,학력무관,정규직,서울,머신러닝 엔지니어
㈜비바리퍼블리카,ml engineer(platform),https://www.jobkorea.co.kr/Recruit/GI_Read/45755795?Oem_Code=C1&logpath=1&stext=%EB%A8%B8%EC%8B%A0%EB%9F%AC%EB%8B%9D%20%EC%97%94%EC%A7%80%EB%8B%88%EC%96%B4&listno=8,경력무관,학력무관,정규직,서울,머신러닝 엔지니어
㈜비바리퍼블리카,ml engineer(ocr),https://www.jobkorea.co.kr/Recruit/GI_Read/45755799?Oem_Code=C1&logpath=1&stext=%EB%A8%B8%EC%8B%A0%EB%9F%AC%EB%8B%9D%20%EC%97%94%EC%A7%80%EB%8B%88%EC%96%B4&listno=9,경력무관,학력무관,정규직,서울,머신러닝 엔지니어
㈜비바리퍼블리카,ml engineer(llm),https://www.jobkorea.co.kr/Recruit/GI_Read/45755803?Oem_Code=C1&logpath=1&stext=%EB%A8%B8%EC%8B%A0%EB%9F%AC%EB%8B%9D%20%EC%97%94%EC%A7%80%EB%8B%88%EC%96%B4&listno=10,경력무관,학력무관,정규직,서울,머신러닝 엔지니어
㈜비상교육,ai ml 엔지니어,https://www.jobkorea.co.kr/Recruit/GI_Read/46052492?Oem_Code=C1&logpath=1&stext=%EB%A8%B8%EC%8B%A0%EB%9F%AC%EB%8B%9D%20%EC%97%94%EC%A7%80%EB%8B%88%EC%96%B4&listno=11,경력7년↑,대졸↑,정규직,경기,머신러닝 엔지니어
㈜비바리퍼블리카,ml engineer(ads),https://www.jobkorea.co.kr/Recruit/GI_Read/45755798?Oem_Code=C1&logpath=1&stext=%EB%A8%B8%EC%8B%A0%EB%9F%AC%EB%8B%9D%20%EC%97%94%EC%A7%80%EB%8B%88%EC%96%B4&listno=12,경력무관,학력무관,정규직,서울,머신러닝 엔지니어
㈜비바리퍼블리카,ml engineer(검색),https://www.jobkorea.co.kr/Recruit/GI_Read/45755802?Oem_Code=C1&logpath=1&stext=%EB%A8%B8%EC%8B%A0%EB%9F%AC%EB%8B%9D%20%EC%97%94%EC%A7%80%EB%8B%88%EC%96%B4&listno=13,경력무관,학력무관,정규직,서울,머신러닝 엔지니어
㈜비바리퍼블리카,ml engineer(product),https://www.jobkorea.co.kr/Recruit/GI_Read/45755792?Oem_Code=C1&logpath=1&stext=%EB%A8%B8%EC%8B%A0%EB%9F%AC%EB%8B%9D%20%EC%97%94%EC%A7%80%EB%8B%88%EC%96%B4&listno=14,경력무관,학력무관,정규직,서울,머신러닝 엔지니어
바이온사이트,junior ml engineer 채용,https://www.jobkorea.co.kr/Recruit/GI_Read/45772902?Oem_Code=C1&logpath=1&stext=%EB%A8%B8%EC%8B%A0%EB%9F%AC%EB%8B%9D%20%EC%97%94%EC%A7%80%EB%8B%88%EC%96%B4&listno=15,경력3년↑,대졸↑,정규직,서울,머신러닝 엔지니어
바이온사이트,senior ml engineer 채용,https://www.jobkorea.co.kr/Recruit/GI_Read/45773035?Oem_Code=C1&logpath=1&stext=%EB%A8%B8%EC%8B%A0%EB%9F%AC%EB%8B%9D%20%EC%97%94%EC%A7%80%EB%8B%88%EC%96%B4&listno=16,경력10년↑,석사↑,정규직,서울,머신러닝 엔지니어
㈜와탭랩스,ai/ml 엔지니어,https://www.jobkorea.co.kr/Recruit/GI_Read/45949336?Oem_Code=C1&logpath=1&stext=%EB%A8%B8%EC%8B%A0%EB%9F%AC%EB%8B%9D%20%EC%97%94%EC%A7%80%EB%8B%88%EC%96%B4&listno=17,경력5년↑,학력무관,정규직,서울,머신러닝 엔지니어
㈜마음에이아이,(주)마음ai worv팀 채용 (ml software engineer직군),https://www.jobkorea.co.kr/Recruit/GI_Read/45716875?Oem_Code=C1&logpath=1&stext=%EB%A8%B8%EC%8B%A0%EB%9F%AC%EB%8B%9D%20%EC%97%94%EC%A7%80%EB%8B%88%EC%96%B4&listno=20,경력,학력무관,정규직,경기,머신러닝 엔지니어
㈜마음에이아이,(주)마음ai ml engineer 채용(산업기능요원 / 전문연구요원 병역특례),https://www.jobkorea.co.kr/Recruit/GI_Read/45909354?Oem_Code=C1&logpath=1&stext=%EB%A8%B8%EC%8B%A0%EB%9F%AC%EB%8B%9D%20%EC%97%94%EC%A7%80%EB%8B%88%EC%96%B4&listno=22,경력무관,학력무관,정규직 외,경기,머신러닝 엔지니어
㈜데이터노우즈,ai/ml 엔지니어(2년-5년),https://www.jobkorea.co.kr/Recruit/GI_Read/46051261?Oem_Code=C1&logpath=1&stext=%EB%A8%B8%EC%8B%A0%EB%9F%AC%EB%8B%9D%20%EC%97%94%EC%A7%80%EB%8B%88%EC%96%B4&listno=23,경력2년↑,대졸↑,정규직,서울,머신러닝 엔지니어
㈜퍼블릭에이아이,[퍼블릭에이아이] ml 엔지니어 / 딥러닝 엔지니어,https://www.jobkorea.co.kr/Recruit/GI_Read/45709872?Oem_Code=C1&logpath=1&stext=%EB%A8%B8%EC%8B%A0%EB%9F%AC%EB%8B%9D%20%EC%97%94%EC%A7%80%EB%8B%88%EC%96%B4&listno=24,신입·경력2년↑,학력무관,정규직 외,서울,머신러닝 엔지니어
딥브레인 AI,머신러닝/딥러닝 엔지니어 (전문연구요원 가능),https://www.jobkorea.co.kr/Recruit/GI_Read/45971160?Oem_Code=C1&logpath=1&stext=%EB%A8%B8%EC%8B%A0%EB%9F%AC%EB%8B%9D%20%EC%97%94%EC%A7%80%EB%8B%88%EC%96%B4&listno=26,경력,석사↑,정규직,서울,머신러닝 엔지니어
에너자이,에너자이 ml engineer/researcher 채용 공고 (전문연구요원 가능),https://www.jobkorea.co.kr/Recruit/GI_Read/45818460?Oem_Code=C1&logpath=1&stext=%EB%A8%B8%EC%8B%A0%EB%9F%AC%EB%8B%9D%20%EC%97%94%EC%A7%80%EB%8B%88%EC%96%B4&listno=28,경력무관,대졸↑,정규직 외,서울,머신러닝 엔지니어
디어젠㈜,[디어젠] machine learning engineer 경력 채용(senior),https://www.jobkorea.co.kr/Recruit/GI_Read/45893846?Oem_Code=C1&logpath=1&stext=%EB%A8%B8%EC%8B%A0%EB%9F%AC%EB%8B%9D%20%EC%97%94%EC%A7%80%EB%8B%88%EC%96%B4&listno=29,경력5년↑,대졸↑,정규직,서울,머신러닝 엔지니어
디어젠㈜,[디어젠] machine learning engineer 경력 채용(junior),https://www.jobkorea.co.kr/Recruit/GI_Read/45893825?Oem_Code=C1&logpath=1&stext=%EB%A8%B8%EC%8B%A0%EB%9F%AC%EB%8B%9D%20%EC%97%94%EC%A7%80%EB%8B%88%EC%96%B4&listno=30,경력3년↑,대졸↑,정규직,서울,머신러닝 엔지니어
㈜엠트리센,머신 러닝 엔지니어 정규직 채용,https://www.jobkorea.co.kr/Recruit/GI_Read/45979990?Oem_Code=C1&logpath=1&stext=%EB%A8%B8%EC%8B%A0%EB%9F%AC%EB%8B%9D%20%EC%97%94%EC%A7%80%EB%8B%88%EC%96%B4&listno=31,경력3년↑,대졸↑,정규직,서울,머신러닝 엔지니어
㈜아이지아이코리아,ml engineer 개발자 채용,https://www.jobkorea.co.kr/Recruit/GI_Read/45894135?Oem_Code=C1&logpath=1&stext=%EB%A8%B8%EC%8B%A0%EB%9F%AC%EB%8B%9D%20%EC%97%94%EC%A7%80%EB%8B%88%EC%96%B4&listno=33,경력5년↑,대졸↑,정규직,서울,머신러닝 엔지니어
스피치로그㈜,"부문별 신입/경력 채용(개발자, 기획, 영업) 빅데이터 ai 스타트업",https://www.jobkorea.co.kr/Recruit/GI_Read/45998744?Oem_Code=C1&logpath=1&stext=%EB%A8%B8%EC%8B%A0%EB%9F%AC%EB%8B%9D%20%EC%97%94%EC%A7%80%EB%8B%88%EC%96%B4&listno=34,신입·경력3년↑,초대졸↑,정규직,서울,머신러닝 엔지니어
㈜비바리퍼블리카,mlops engineer,https://www.jobkorea.co.kr/Recruit/GI_Read/45755804?Oem_Code=C1&logpath=1&stext=%EB%A8%B8%EC%8B%A0%EB%9F%AC%EB%8B%9D%20%EC%97%94%EC%A7%80%EB%8B%88%EC%96%B4&listno=35,경력무관,학력무관,정규직,서울,머신러닝 엔지니어
㈜노르마,[노르마] 머신러닝/인공지능 개발자 채용(quantum machine learning),https://www.jobkorea.co.kr/Recruit/GI_Read/45832754?Oem_Code=C1&logpath=1&stext=%EB%A8%B8%EC%8B%A0%EB%9F%AC%EB%8B%9D%20%EC%97%94%EC%A7%80%EB%8B%88%EC%96%B4&listno=37,신입·경력,대졸↑,정규직,서울,머신러닝 엔지니어
㈜어썸좋은생각,[신입/경력]머신러닝 개발자 채용,https://www.jobkorea.co.kr/Recruit/GI_Read/45899584?Oem_Code=C1&logpath=1&stext=%EB%A8%B8%EC%8B%A0%EB%9F%AC%EB%8B%9D%20%EC%97%94%EC%A7%80%EB%8B%88%EC%96%B4&listno=39,경력무관,학력무관,계약직,서울,머신러닝 엔지니어
㈜포체인스,포체인스(주)에서 능력 있는 머신러닝 개발자를 모십니다.,https://www.jobkorea.co.kr/Recruit/GI_Read/45980702?Oem_Code=C1&logpath=1&stext=%EB%A8%B8%EC%8B%A0%EB%9F%AC%EB%8B%9D%20%EC%97%94%EC%A7%80%EB%8B%88%EC%96%B4&listno=44,경력무관,대졸↑,정규직,경기,머신러닝 엔지니어
㈜덴컴,[음성 ai 기업 덴컴] ml optimization 엔지니어 채용,https://www.jobkorea.co.kr/Recruit/GI_Read/46058613?Oem_Code=C1&logpath=1&stext=%EB%A8%B8%EC%8B%A0%EB%9F%AC%EB%8B%9D%20%EC%97%94%EC%A7%80%EB%8B%88%EC%96%B4&listno=46,경력3년↑,대졸↑,정규직,서울,머신러닝 엔지니어
㈜탐시스텍,"ai, 비전 검사 및 검사 자동화 시스템 및 관련 응용프로그램 개발자",https://www.jobkorea.co.kr/Recruit/GI_Read/45973321?Oem_Code=C1&logpath=1&stext=%EB%A8%B8%EC%8B%A0%EB%9F%AC%EB%8B%9D%20%EC%97%94%EC%A7%80%EB%8B%88%EC%96%B4&listno=49,경력3년↑,대졸↑,정규직,경기,머신러닝 엔지니어
가온그룹㈜,[가온그룹] ai 비전 개발 담당 채용,https://www.jobkorea.co.kr/Recruit/GI_Read/45966004?Oem_Code=C1&logpath=1&stext=%EB%A8%B8%EC%8B%A0%EB%9F%AC%EB%8B%9D%20%EC%97%94%EC%A7%80%EB%8B%88%EC%96%B4&listno=51,경력무관,초대졸↑,정규직,경기,머신러닝 엔지니어
다큐브㈜,데이터 사이언티스트,https://www.jobkorea.co.kr/Recruit/GI_Read/45969200?Oem_Code=C1&logpath=1&stext=%EB%8D%B0%EC%9D%B4%ED%84%B0%20%EC%82%AC%EC%9D%B4%EC%96%B8%ED%8B%B0%EC%8A%A4%ED%8A%B8&listno=1,경력1년↑,학력무관,정규직,서울,데이터 사이언티스트
㈜앰버로드,데이터 사이언티스트 정규직 채용,https://www.jobkorea.co.kr/Recruit/GI_Read/45951347?Oem_Code=C1&logpath=1&stext=%EB%8D%B0%EC%9D%B4%ED%84%B0%20%EC%82%AC%EC%9D%B4%EC%96%B8%ED%8B%B0%EC%8A%A4%ED%8A%B8&listno=2,경력2년↑,학력무관,정규직,서울,데이터 사이언티스트
㈜넥슨,[인텔리전스랩스] 게임밸류에이션팀 데이터 사이언티스트,https://www.jobkorea.co.kr/Recruit/GI_Read/45901462?Oem_Code=C1&logpath=1&stext=%EB%8D%B0%EC%9D%B4%ED%84%B0%20%EC%82%AC%EC%9D%B4%EC%96%B8%ED%8B%B0%EC%8A%A4%ED%8A%B8&listno=3,경력3년↑,대졸↑,정규직,경기,데이터 사이언티스트
다큐브㈜,데이터 사이언티스트(ds) 채용,https://www.jobkorea.co.kr/Recruit/GI_Read/45969183?Oem_Code=C1&logpath=1&stext=%EB%8D%B0%EC%9D%B4%ED%84%B0%20%EC%82%AC%EC%9D%B4%EC%96%B8%ED%8B%B0%EC%8A%A4%ED%8A%B8&listno=4,경력,학력무관,정규직,서울,데이터 사이언티스트
㈜인실리코젠,데이터 사이언티스트 신입/경력 채용,https://www.jobkorea.co.kr/Recruit/GI_Read/45937517?Oem_Code=C1&logpath=1&stext=%EB%8D%B0%EC%9D%B4%ED%84%B0%20%EC%82%AC%EC%9D%B4%EC%96%B8%ED%8B%B0%EC%8A%A4%ED%8A%B8&listno=5,신입·경력1년↑,대졸↑,정규직 외,경기,데이터 사이언티스트
㈜고픽커뮤니케이션,[고픽커뮤니케이션] 스포츠 데이터 사이언티스트,https://www.jobkorea.co.kr/Recruit/GI_Read/46006943?Oem_Code=C1&logpath=1&stext=%EB%8D%B0%EC%9D%B4%ED%84%B0%20%EC%82%AC%EC%9D%B4%EC%96%B8%ED%8B%B0%EC%8A%A4%ED%8A%B8&listno=7,경력5년↑,학력무관,정규직 외,서울,데이터 사이언티스트
㈜엠폴,(주)엠폴 ai데이터 사이언티스트 모집합니다.,https://www.jobkorea.co.kr/Recruit/GI_Read/45981761?Oem_Code=C1&logpath=1&stext=%EB%8D%B0%EC%9D%B4%ED%84%B0%20%EC%82%AC%EC%9D%B4%EC%96%B8%ED%8B%B0%EC%8A%A4%ED%8A%B8&listno=8,경력5년↑,학력무관,정규직,서울,데이터 사이언티스트
㈜디베이스앤,[cj그룹] 데이터 분석가/사이언티스트 경력직,https://www.jobkorea.co.kr/Recruit/GI_Read/46046900?Oem_Code=C1&logpath=1&stext=%EB%8D%B0%EC%9D%B4%ED%84%B0%20%EC%82%AC%EC%9D%B4%EC%96%B8%ED%8B%B0%EC%8A%A4%ED%8A%B8&listno=9,경력3년↑,대졸↑,정규직,서울,데이터 사이언티스트
㈜꿈선생,[dealmakers] 데이터 사이언티스트 모집,https://www.jobkorea.co.kr/Recruit/GI_Read/46057597?Oem_Code=C1&logpath=1&stext=%EB%8D%B0%EC%9D%B4%ED%84%B0%20%EC%82%AC%EC%9D%B4%EC%96%B8%ED%8B%B0%EC%8A%A4%ED%8A%B8&listno=11,경력무관,학력무관,정규직,부산,데이터 사이언티스트
㈜피엠그로우,[피엠그로우] 데이터 사이언티스트 채용 (전기차 배터리),https://www.jobkorea.co.kr/Recruit/GI_Read/46057417?Oem_Code=C1&logpath=1&stext=%EB%8D%B0%EC%9D%B4%ED%84%B0%20%EC%82%AC%EC%9D%B4%EC%96%B8%ED%8B%B0%EC%8A%A4%ED%8A%B8&listno=12,경력5년↑,대졸↑,정규직,서울,데이터 사이언티스트
㈜트릿지,[tridge] data scientist (산업기능요원),https://www.jobkorea.co.kr/Recruit/GI_Read/46030485?Oem_Code=C1&logpath=1&stext=%EB%8D%B0%EC%9D%B4%ED%84%B0%20%EC%82%AC%EC%9D%B4%EC%96%B8%ED%8B%B0%EC%8A%A4%ED%8A%B8&listno=21,경력무관,학력무관,계약직,서울,데이터 사이언티스트
원프레딕트,ds(data scientist),https://www.jobkorea.co.kr/Recruit/GI_Read/45906135?Oem_Code=C1&logpath=1&stext=%EB%8D%B0%EC%9D%B4%ED%84%B0%20%EC%82%AC%EC%9D%B4%EC%96%B8%ED%8B%B0%EC%8A%A4%ED%8A%B8&listno=22,경력2년↑,대졸↑,정규직,서울,데이터 사이언티스트
주식회사 데이블,senior data scientist (3년 이상),https://www.jobkorea.co.kr/Recruit/GI_Read/45955305?Oem_Code=C1&logpath=1&stext=%EB%8D%B0%EC%9D%B4%ED%84%B0%20%EC%82%AC%EC%9D%B4%EC%96%B8%ED%8B%B0%EC%8A%A4%ED%8A%B8&listno=24,경력3년↑,대졸↑,정규직,서울,데이터 사이언티스트
㈜비바리퍼블리카,data scientist(image generation),https://www.jobkorea.co.kr/Recruit/GI_Read/45975647?Oem_Code=C1&logpath=1&stext=%EB%8D%B0%EC%9D%B4%ED%84%B0%20%EC%82%AC%EC%9D%B4%EC%96%B8%ED%8B%B0%EC%8A%A4%ED%8A%B8&listno=35,경력,학력무관,정규직,서울,데이터 사이언티스트
㈜비바리퍼블리카,data scientist (추천),https://www.jobkorea.co.kr/Recruit/GI_Read/45763366?Oem_Code=C1&logpath=1&stext=%EB%8D%B0%EC%9D%B4%ED%84%B0%20%EC%82%AC%EC%9D%B4%EC%96%B8%ED%8B%B0%EC%8A%A4%ED%8A%B8&listno=39,경력무관,학력무관,정규직,서울,데이터 사이언티스트
㈜비바리퍼블리카,data scientist(css),https://www.jobkorea.co.kr/Recruit/GI_Read/45975654?Oem_Code=C1&logpath=1&stext=%EB%8D%B0%EC%9D%B4%ED%84%B0%20%EC%82%AC%EC%9D%B4%EC%96%B8%ED%8B%B0%EC%8A%A4%ED%8A%B8&listno=43,신입,학력무관,정규직,서울,데이터 사이언티스트
㈜비바리퍼블리카,data scientist (platform),https://www.jobkorea.co.kr/Recruit/GI_Read/45763360?Oem_Code=C1&logpath=1&stext=%EB%8D%B0%EC%9D%B4%ED%84%B0%20%EC%82%AC%EC%9D%B4%EC%96%B8%ED%8B%B0%EC%8A%A4%ED%8A%B8&listno=48,경력무관,학력무관,정규직,서울,데이터 사이언티스트
㈜비바리퍼블리카,data scientist (검색),https://www.jobkorea.co.kr/Recruit/GI_Read/45763368?Oem_Code=C1&logpath=1&stext=%EB%8D%B0%EC%9D%B4%ED%84%B0%20%EC%82%AC%EC%9D%B4%EC%96%B8%ED%8B%B0%EC%8A%A4%ED%8A%B8&listno=49,경력무관,학력무관,정규직,서울,데이터 사이언티스트
㈜비바리퍼블리카,data scientist (ads),https://www.jobkorea.co.kr/Recruit/GI_Read/45763361?Oem_Code=C1&logpath=1&stext=%EB%8D%B0%EC%9D%B4%ED%84%B0%20%EC%82%AC%EC%9D%B4%EC%96%B8%ED%8B%B0%EC%8A%A4%ED%8A%B8&listno=50,경력무관,학력무관,정규직,서울,데이터 사이언티스트
에스케이쉴더스㈜,[사이버보안ai랩스]data scientist,https://www.jobkorea.co.kr/Recruit/GI_Read/46001891?Oem_Code=C1&logpath=1&stext=%EB%8D%B0%EC%9D%B4%ED%84%B0%20%EC%82%AC%EC%9D%B4%EC%96%B8%ED%8B%B0%EC%8A%A4%ED%8A%B8&listno=55,경력7년↑,대졸↑,정규직,경기,데이터 사이언티스트
㈜비바리퍼블리카,data scientist(product),https://www.jobkorea.co.kr/Recruit/GI_Read/45763355?Oem_Code=C1&logpath=1&stext=%EB%8D%B0%EC%9D%B4%ED%84%B0%20%EC%82%AC%EC%9D%B4%EC%96%B8%ED%8B%B0%EC%8A%A4%ED%8A%B8&listno=59,경력무관,학력무관,정규직,서울,데이터 사이언티스트
